PA0001	AAG03391
PA0002	AAG03392
PA0003	AAG03393
PA0004	AAG03394
PA0005	AAG03395
PA0006	AAG03396
PA0007	AAG03397
PA0008	AAG03398
PA0009	AAG03399
PA0010	AAG03400
PA0011	AAG03401
PA0012	AAG03402
PA0013	AAG03403
PA0014	AAG03404
PA0015	AAG03405
PA0016	AAG03406
PA0017	AAG03407
PA0018	AAG03408
PA0019	AAG03409
PA0020	AAG03410
PA0021	AAG03411
PA0022	AAG03412
PA0023	AAG03413
PA0024	AAG03414
PA0025	AAG03415
PA0026	AAG03416
PA0027	AAG03417
PA0028	AAG03418
PA0029	AAG03419
PA0030	AAG03420
PA0031	AAG03421
PA0032	AAG03422
PA0033	AAG03423
PA0034	AAG03424
PA0035	AAG03425
PA0036	AAG03426
PA0037	AAG03427
PA0038	AAG03428
PA0039	AAG03429
PA0040	AAG03430
PA0041	AAG03431
PA0042	AAG03432
PA0043	AAG03433
PA0044	AAG03434
PA0045	AAG03435
PA0046	AAG03436
PA0047	AAG03437
PA0048	AAG03438
PA0049	AAG03439
PA0050	AAG03440
PA0051	AAG03441
PA0052	AAG03442
PA0053	AAG03443
PA0054	AAG03444
PA0055	AAG03445
PA0056	AAG03446
PA0057	AAG03447
PA0058	AAG03448
PA0059	AAG03449
PA0060	AAG03450
PA0061	AAG03451
PA0062	AAG03452
PA0063	AAG03453
PA0064	AAG03454
PA0065	AAG03455
PA0066	AAG03456
PA0067	AAG03457
PA0068	AAG03458
PA0069	AAG03459
PA0070	AAG03460
PA0071	AAG03461
PA0072	AAG03462
PA0073	AAG03463
PA0074	AAG03464
PA0075	AAG03465
PA0076	AAG03466
PA0077	AAG03467
PA0078	AAG03468
PA0079	AAG03469
PA0080	AAG03470
PA0081	AAG03471
PA0082	AAG03472
PA0083	AAG03473
PA0084	AAG03474
PA0085	AAG03475
PA0086	AAG03476
PA0087	AAG03477
PA0088	AAG03478
PA0089	AAG03479
PA0090	AAG03480
PA0091	AAG03481
PA0092	AAG03482
PA0093	AAG03483
PA0094	AAG03484
PA0095	AAG03485
PA0096	AAG03486
PA0097	AAG03487
PA0098	AAG03488
PA0099	AAG03489
PA0100	AAG03490
PA0101	AAG03491
PA0102	AAG03492
PA0103	AAG03493
PA0104	AAG03494
PA0105	AAG03495
PA0106	AAG03496
PA0107	AAG03497
PA0108	AAG03498
PA0109	AAG03499
PA0110	AAG03500
PA0111	AAG03501
PA0112	AAG03502
PA0113	AAG03503
PA0114	AAG03504
PA0115	AAG03505
PA0116	AAG03506
PA0117	AAG03507
PA0118	AAG03508
PA0119	AAG03509
PA0120	AAG03510
PA0121	AAG03511
PA0122	AAG03512
PA0123	AAG03513
PA0124	AAG03514
PA0125	AAG03515
PA0126	AAG03516
PA0127	AAG03517
PA0128	AAG03518
PA0129	AAG03519
PA0130	AAG03520
PA0131	AAG03521
PA0132	AAG03522
PA0133	AAG03523
PA0134	AAG03524
PA0135	AAG03525
PA0136	AAG03526
PA0137	AAG03527
PA0138	AAG03528
PA0139	AAG03529
PA0140	AAG03530
PA0141	AAG03531
PA0142	AAG03532
PA0143	AAG03533
PA0144	AAG03534
PA0145	AAG03535
PA0146	AAG03536
PA0147	AAG03537
PA0148	AAG03538
PA0149	AAG03539
PA0150	AAG03540
PA0151	AAG03541
PA0152	AAG03542
PA0153	AAG03543
PA0154	AAG03544
PA0155	AAG03545
PA0156	AAG03546
PA0157	AAG03547
PA0158	AAG03548
PA0159	AAG03549
PA0160	AAG03550
PA0161	AAG03551
PA0162	AAG03552
PA0163	AAG03553
PA0164	AAG03554
PA0165	AAG03555
PA0166	AAG03556
PA0167	AAG03557
PA0168	AAG03558
PA0169	AAG03559
PA0170	AAG03560
PA0171	AAG03561
PA0172	AAG03562
PA0173	AAG03563
PA0174	AAG03564
PA0175	AAG03565
PA0176	AAG03566
PA0177	AAG03567
PA0178	AAG03568
PA0179	AAG03569
PA0180	AAG03570
PA0181	AAG03571
PA0182	AAG03572
PA0183	AAG03573
PA0184	AAG03574
PA0185	AAG03575
PA0186	AAG03576
PA0187	AAG03577
PA0188	AAG03578
PA0189	AAG03579
PA0190	AAG03580
PA0191	AAG03581
PA0192	AAG03582
PA0193	AAG03583
PA0194	AAG03584
PA0195	ABG56537
PA0195.1	ABG56539
PA0196	AAG03585
PA0197	AAG03586
PA0198	AAG03587
PA0199	AAG03588
PA0200	AAG03589
PA0201	AAG03590
PA0202	AAG03591
PA0203	AAG03592
PA0204	AAG03593
PA0205	AAG03594
PA0206	AAG03595
PA0207	AAG03596
PA0208	AAG03597
PA0209	AAG03598
PA0210	AAG03599
PA0211	AAG03600
PA0212	AAG03601
PA0213	AAG03602
PA0214	AAG03603
PA0215	AAG03604
PA0216	AAG03605
PA0217	AAG03606
PA0218	AAG03607
PA0219	AAG03608
PA0220	AAG03609
PA0221	AAG03610
PA0222	AAG03611
PA0223	AAG03612
PA0224	AAG03613
PA0225	AAG03614
PA0226	AAG03615
PA0227	AAG03616
PA0228	AAG03617
PA0229	AAG03618
PA0230	AAG03619
PA0231	AAG03620
PA0232	AAG03621
PA0233	AAG03622
PA0234	AAG03623
PA0235	AAG03624
PA0236	AAG03625
PA0237	AAG03626
PA0238	AAG03627
PA0239	AAG03628
PA0240	AAG03629
PA0241	AAG03630
PA0242	AAG03631
PA0243	AAG03632
PA0244	AAG03633
PA0245	AAG03634
PA0246	AAG03635
PA0247	AAG03636
PA0248	AAG03637
PA0249	AAG03638
PA0250	AAG03639
PA0251	AAG03640
PA0252	AAG03641
PA0253	AAG03642
PA0254	AAG03643
PA0255	AAG03644
PA0256	AAG03645
PA0257	AAG03646
PA0258	AAG03647
PA0259	AAG03648
PA0260	AAG03649
PA0261	AAG03650
PA0262	AAG03651
PA0263	AAG03652
PA0263.1	PA0263.1-1
EBG00001435483	EBT00001813502
PA0264	AAG03653
PA0265	AAG03654
PA0266	AAG03655
PA0267	AAG03656
PA0268	AAG03657
PA0269	AAG03658
PA0270	AAG03659
PA0271	AAG03660
PA0272	AAG03661
PA0273	AAG03662
PA0274	AAG03663
PA0275	AAG03664
PA0276	AAG03665
PA0277	AAG03666
PA0278	AAG03667
PA0279	AAG03668
PA0280	AAG03669
PA0281	AAG03670
PA0282	AAG03671
PA0283	AAG03672
PA0284	AAG03673
PA0285	AAG03674
PA0286	AAG03675
PA0287	AAG03676
PA0288	AAG03677
PA0289	AAG03678
PA0290	AAG03679
PA0291	AAG03680
PA0292	AAG03681
PA0293	AAG03682
PA0294	AAG03683
PA0295	AAG03684
PA0296	AAG03685
EBG00001435444	EBT00001813499
PA0297	AAG03686
PA0298	AAG03687
PA0299	AAG03688
PA0300	AAG03689
PA0301	AAG03690
PA0302	AAG03691
PA0303	AAG03692
PA0304	AAG03693
PA0305	AAG03694
PA0306	AAG03695
PA0307	AAG03696
PA0308	AAG03697
PA0309	AAG03698
PA0310	AAG03699
PA0311	AAG03700
PA0312	AAG03701
PA0313	AAG03702
PA0314	AAG03703
PA0315	AAG03704
PA0316	AAG03705
EBG00001435502	EBT00001813438
PA0317	AAG03706
PA0318	AAG03707
PA0319	AAG03708
PA0320	AAG03709
PA0321	AAG03710
PA0322	AAG03711
PA0323	AAG03712
PA0324	AAG03713
PA0325	AAG03714
PA0326	AAG03715
PA0327	AAG03716
PA0328	AAG03717
PA0329	AAG03718
PA0330	AAG03719
PA0331	AAG03720
PA0332	AAG03721
PA0333	AAG03722
PA0334	AAG03723
PA0335	AAG03724
PA0336	AAG03725
PA0337	AAG03726
PA0338	AAG03727
PA0339	AAG03728
PA0340	AAG03729
PA0341	AAG03730
PA0342	AAG03731
PA0343	AAG03732
PA0344	AAG03733
PA0345	AAG03734
PA0346	AAG03735
PA0347	AAG03736
PA0348	AAG03737
PA0349	AAG03738
PA0350	AAG03739
PA0351	AAG03740
PA0352	AAG03741
PA0353	AAG03742
PA0354	AAG03743
PA0355	AAG03744
PA0356	AAG03745
PA0357	AAG03746
PA0358	AAG03747
PA0359	AAG03748
PA0360	AAG03749
PA0361	AAG03750
PA0362	AAG03751
PA0363	AAG03752
PA0364	AAG03753
PA0365	AAG03754
PA0366	AAG03755
PA0367	AAG03756
PA0368	AAG03757
PA0369	AAG03758
PA0370	AAG03759
PA0371	AAG03760
PA0372	AAG03761
PA0373	AAG03762
PA0374	AAG03763
PA0375	AAG03764
PA0376	AAG03765
PA0377	AAG03766
PA0378	AAG03767
PA0379	AAG03768
PA0380	AAG03769
PA0381	AAG03770
PA0382	AAG03771
PA0383	AAG03772
PA0384	AAG03773
PA0385	AAG03774
PA0386	AAG03775
PA0387	AAG03776
PA0388	AAG03777
PA0389	AAG03778
PA0390	AAG03779
PA0391	AAG03780
PA0392	AAG03781
PA0393	AAG03782
PA0394	AAG03783
PA0395	AAG03784
PA0396	AAG03785
PA0397	AAG03786
PA0398	AAG03787
PA0399	AAG03788
PA0400	AAG03789
PA0401	AAG03790
PA0402	AAG03791
PA0403	AAG03792
PA0404	AAG03793
PA0405	AAG03794
PA0406	AAG03795
PA0407	AAG03796
PA0408	AAG03797
PA0409	AAG03798
PA0410	AAG03799
PA0411	AAG03800
PA0412	AAG03801
PA0413	AAG03802
PA0414	AAG03803
PA0415	AAG03804
PA0416	AAG03805
PA0417	AAG03806
PA0418	AAG03807
PA0419	AAG03808
PA0420	AAG03809
PA0421	AAG03810
PA0422	AAG03811
PA0423	AAG03812
PA0424	AAG03813
PA0425	AAG03814
PA0426	AAG03815
PA0427	AAG03816
PA0428	AAG03817
PA0429	AAG03818
PA0430	AAG03819
PA0431	AAG03820
PA0432	AAG03821
PA0433	AAG03822
PA0434	AAG03823
PA0435	AAG03824
PA0436	AAG03825
PA0437	AAG03826
PA0438	AAG03827
PA0439	AAG03828
PA0440	AAG03829
PA0441	AAG03830
PA0442	AAG03831
PA0443	AAG03832
PA0444	AAG03833
PA0445	AAG03834
PA0446	AAG03835
PA0447	AAG03836
PA0448	AAG03837
PA0449	AAG03838
PA0450	AAG03839
PA0451	AAG03840
PA0452	AAG03841
PA0453	AAG03842
PA0454	AAG03843
PA0455	AAG03844
PA0456	AAG03845
PA0457	AAG03846
PA0457.1	ACI25436
PA0458	AAG03847
PA0459	AAG03848
PA0460	AAG03849
PA0461	AAG03850
PA0462	AAG03851
PA0463	AAG03852
PA0464	AAG03853
PA0465	AAG03854
PA0466	AAG03855
PA0467	AAG03856
PA0468	AAG03857
PA0469	AAG03858
PA0470	AAG03859
PA0471	AAG03860
PA0472	AAG03861
PA0473	AAG03862
PA0474	AAG03863
PA0475	AAG03864
PA0476	AAG03865
PA0477	AAG03866
PA0478	AAG03867
PA0479	AAG03868
PA0480	AAG03869
PA0481	AAG03870
PA0482	AAG03871
PA0483	AAG03872
PA0484	AAG03873
PA0485	AAG03874
PA0486	AAG03875
PA0487	AAG03876
PA0488	AAG03877
PA0489	AAG03878
PA0490	AAG03879
PA0491	AAG03880
PA0492	AAG03881
PA0493	AAG03882
PA0494	AAG03883
PA0495	AAG03884
PA0496	AAG03885
PA0497	AAG03886
PA0498	AAG03887
PA0499	AAG03888
PA0500	AAG03889
PA0501	AAG03890
PA0502	AAG03891
PA0503	AAG03892
PA0504	AAG03893
PA0505	AAG03894
PA0506	AAG03895
PA0507	AAG03896
PA0508	AAG03897
PA0509	AAG03898
PA0510	AAG03899
PA0511	AAG03900
PA0512	AAG03901
PA0513	AAG03902
PA0514	AAG03903
PA0515	AAG03904
PA0516	AAG03905
PA0517	AAG03906
PA0518	AAG03907
PA0519	AAG03908
PA0520	AAG03909
PA0521	AAG03910
PA0522	AAG03911
PA0523	AAG03912
PA0524	AAG03913
PA0525	AAG03914
PA0526	AAG03915
PA0527	AAG03916
PA0527.1	PA0527.1-1
EBG00001435417	EBT00001813423
PA0528	AAG03917
PA0529	AAG03918
PA0530	AAG03919
PA0531	AAG03920
PA0532	AAG03921
PA0533	AAG03922
PA0534	AAG03923
PA0535	AAG03924
PA0536	AAG03925
PA0537	AAG03926
PA0538	AAG03927
PA0539	AAG03928
PA0540	AAG03929
PA0541	AAG03930
PA0542	AAG03931
PA0543	AAG03932
PA0544	AAG03933
PA0545	AAG03934
PA0546	AAG03935
PA0547	AAG03936
PA0548	AAG03937
PA0549	AAG03938
PA0550	AAG03939
PA0551	AAG03940
PA0552	AAG03941
PA0553	AAG03942
PA0554	AAG03943
PA0555	AAG03944
PA0556	AAG03945
PA0557	AAG03946
PA0558	AAG03947
PA0559	AAG03948
PA0560	AAG03949
PA0561	AAG03950
PA0562	AAG03951
PA0563	AAG03952
PA0564	AAG03953
PA0565	AAG03954
PA0566	AAG03955
PA0567	AAG03956
PA0568	AAG03957
PA0569	AAG03958
PA0570	AAG03959
PA0571	AAG03960
PA0572	AAG03961
PA0573	AAG03962
PA0574	AAG03963
PA0574.1	PA0574.1-1
EBG00001435451	EBT00001813405
PA0575	AAG03964
PA0576	AAG03965
PA0577	AAG03966
PA0578	AAG03967
PA0579	AAG03968
PA0580	AAG03969
PA0581	AAG03970
PA0582	AAG03971
PA0583	AAG03972
PA0584	AAG03973
PA0585	AAG03974
PA0586	AAG03975
PA0587	AAG03976
PA0588	AAG03977
PA0589	AAG03978
PA0590	AAG03979
PA0591	AAG03980
PA0592	AAG03981
PA0593	AAG03982
PA0594	AAG03983
PA0595	AAG03984
PA0596	AAG03985
PA0597	AAG03986
PA0598	AAG03987
PA0599	AAG03988
PA0600	AAG03989
PA0601	AAG03990
PA0602	AAG03991
PA0603	AAG03992
PA0604	AAG03993
PA0605	AAG03994
PA0606	AAG03995
PA0607	AAG03996
PA0608	AAG03997
PA0609	AAG03998
PA0610	AAG03999
PA0611	AAG04000
PA0612	AAG04001
PA0613	AAG04002
PA0614	AAG04003
PA0615	AAG04004
PA0616	AAG04005
PA0617	AAG04006
PA0618	AAG04007
PA0619	AAG04008
PA0620	AAG04009
PA0621	AAG04010
PA0622	AAG04011
PA0623	AAG04012
PA0624	AAG04013
PA0625	AAG04014
PA0626	AAG04015
PA0627	AAG04016
PA0628	AAG04017
PA0629	AAG04018
PA0630	AAG04019
PA0631	AAG04020
PA0632	AAG04021
PA0633	AAG04022
PA0634	AAG04023
PA0635	AAG04024
PA0636	AAG04025
PA0637	AAG04026
PA0638	AAG04027
PA0639	AAG04028
PA0640	AAG04029
PA0641	AAG04030
PA0642	AAG04031
PA0643	AAG04032
PA0644	AAG04033
PA0645	AAG04034
PA0646	AAG04035
PA0647	AAG04036
PA0648	AAG04037
PA0649	AAG04038
PA0650	AAG04039
PA0651	AAG04040
PA0652	AAG04041
PA0653	AAG04042
PA0654	AAG04043
PA0655	AAG04044
PA0656	AAG04045
PA0657	AAG04046
PA0658	AAG04047
PA0659	AAG04048
PA0660	AAG04049
PA0661	AAG04050
PA0662	AAG04051
PA0663	AAG04052
PA0664	AAG04053
PA0665	AAG04054
PA0666	AAG04055
PA0667	AAG04056
PA0668	AAG04057
PA0668.1	PA0668.1-1
EBG00001435433	EBT00001813409
EBG00001435492	EBT00001813506
PA0668.2	PA0668.2-1
PA0668.3	PA0668.3-1
EBG00001435429	EBT00001813495
EBG00001435497	EBT00001813448
PA0668.4	PA0668.4-1
EBG00001435464	EBT00001813421
EBG00001435525	EBT00001813392
PA0668.5	PA0668.5-1
EBG00001435507	EBT00001813478
PA0669	AAG04058
PA0670	AAG04059
PA0671	AAG04060
PA0672	AAG04061
PA0673	AAG04062
PA0674	AAG04063
PA0675	AAG04064
PA0676	AAG04065
PA0677	AAG04066
PA0678	AAG04067
PA0679	AAG04068
PA0680	AAG04069
PA0681	AAG04070
PA0682	AAG04071
PA0683	AAG04072
PA0684	AAG04073
PA0685	AAG04074
PA0686	AAG04075
PA0687	AAG04076
EBG00001435452	EBT00001813458
PA0688	AAG04077
PA0689	AAG04078
PA0690	AAG04079
PA0691	AAG04080
PA0692	AAG04081
PA0693	AAG04082
PA0694	AAG04083
PA0695	AAG04084
PA0696	AAG04085
PA0697	AAG04086
PA0698	AAG04087
PA0699	AAG04088
PA0700	AAG04089
PA0701	AAG04090
PA0702	AAG04091
PA0703	AAG04092
PA0704	AAG04093
PA0705	AAG04094
PA0706	AAG04095
PA0707	AAG04096
PA0708	AAG04097
PA0709	AAG04098
PA0710	AAG04099
PA0711	AAG04100
PA0712	AAG04101
PA0713	AAG04102
PA0714	AAG04103
PA0714.1	PA0714.1-1
PA0715	AAG04104
PA0716	AAG04105
PA0717	AAG04106
PA0718	AAG04107
PA0719	AAG04108
PA0720	AAG04109
PA0721	AAG04110
PA0722	AAG04111
PA0723	AAG04112
PA0724	AAG04113
PA0725	AAG04114
PA0726	AAG04115
PA0727	AAG04116
PA0728	AAG04117
PA0729	AAG04118
PA0729.1	PA0729.1-1
EBG00001435503	EBT00001813477
PA0730	AAG04119
PA0731	AAG04120
PA0732	AAG04121
PA0733	AAG04122
PA0734	AAG04123
PA0735	AAG04124
PA0736	AAG04125
PA0737	AAG04126
PA0738	AAG04127
PA0739	AAG04128
PA0740	AAG04129
PA0741	AAG04130
PA0742	AAG04131
PA0743	AAG04132
PA0744	AAG04133
PA0745	AAG04134
PA0746	AAG04135
PA0747	AAG04136
PA0749	AAG04138
PA0750	AAG04139
PA0751	AAG04140
PA0752	AAG04141
PA0753	AAG04142
PA0754	AAG04143
PA0755	AAG04144
PA0756	AAG04145
PA0757	AAG04146
PA0758	AAG04147
PA0759	AAG04148
PA0760	AAG04149
PA0761	AAG04150
PA0762	AAG04151
PA0763	AAG04152
PA0764	AAG04153
PA0765	AAG04154
PA0766	AAG04155
PA0767	AAG04156
PA0768	AAG04157
PA0769	AAG04158
PA0770	AAG04159
PA0771	AAG04160
PA0772	AAG04161
PA0773	AAG04162
PA0774	AAG04163
PA0775	AAG04164
PA0776	AAG04165
PA0777	AAG04166
PA0778	AAG04167
PA0779	AAG04168
PA0780	AAG04169
PA0781	AAG04170
PA0782	AAG04171
PA0783	AAG04172
PA0784	AAG04173
PA0785	AAG04174
PA0786	AAG04175
PA0787	AAG04176
PA0788	AAG04177
PA0789	AAG04178
PA0790	AAG04179
PA0791	AAG04180
PA0792	AAG04181
PA0793	AAG04182
PA0794	AAG04183
PA0795	AAG04184
PA0796	AAG04185
PA0797	AAG04186
PA0798	AAG04187
PA0799	AAG04188
PA0800	AAG04189
PA0801	AAG04190
PA0802	AAG04191
PA0803	AAG04192
PA0804	AAG04193
PA0805	AAG04194
PA0806	AAG04195
PA0807	AAG04196
PA0808	AAG04197
PA0809	AAG04198
PA0810	AAG04199
PA0811	AAG04200
PA0812	AAG04201
PA0813	AAG04202
PA0814	AAG04203
PA0815	AAG04204
PA0816	AAG04205
PA0817	AAG04206
PA0818	AAG04207
PA0819	AAG04208
PA0820	AAG04209
PA0821	AAG04210
PA0822	AAG04211
PA0823	AAG04212
PA0824	AAG04213
EBG00001435468	EBT00001813441
PA0825	AAG04214
PA0826	AAG04215
PA0826.2	PA0826.2-1
EBG00001435521	EBT00001813436
PA0826.1	AAO42616
PA0827	AAG04216
PA0828	AAG04217
PA0829	AAG04218
PA0830	AAG04219
PA0831	AAG04220
PA0832	AAG04221
PA0833	AAG04222
PA0834	AAG04223
PA0835	AAG04224
PA0836	AAG04225
EBG00001435465	EBT00001813456
PA0836.1	PA0836.1-1
PA0837	AAG04226
PA0838	AAG04227
PA0839	AAG04228
PA0840	AAG04229
PA0841	AAG04230
PA0842	AAG04231
PA0843	AAG04232
PA0844	AAG04233
PA0845	AAG04234
PA0846	AAG04235
PA0847	AAG04236
PA0848	AAG04237
PA0849	AAG04238
PA0850	AAG04239
PA0851	AAG04240
PA0852	AAG04241
PA0853	AAG04242
PA0854	AAG04243
PA0855	AAG04244
PA0856	AAG04245
PA0857	AAG04246
PA0858	AAG04247
PA0859	AAG04248
PA0860	AAG04249
PA0861	AAG04250
PA0862	AAG04251
PA0863	AAG04252
PA0864	AAG04253
PA0865	AAG04254
PA0866	AAG04255
PA0867	AAG04256
PA0868	AAG04257
PA0869	AAG04258
PA0870	AAG04259
PA0871	AAG04260
PA0872	AAG04261
PA0873	AAG04262
PA0874	AAG04263
PA0875	AAG04264
PA0876	AAG04265
PA0877	AAG04266
PA0878	AAG04267
PA0879	AAG04268
PA0880	AAG04269
PA0881	AAG04270
PA0882	AAG04271
PA0883	AAG04272
PA0884	AAG04273
PA0885	AAG04274
PA0886	AAG04275
PA0887	AAG04276
EBG00001435508	EBT00001813460
PA0887.1	PA0887.1-1
PA0888	AAG04277
PA0889	AAG04278
PA0890	AAG04279
PA0891	AAG04280
PA0892	AAG04281
PA0893	AAG04282
PA0894	AAG04283
PA0895	AAG04284
PA0896	AAG04285
PA0897	AAG04286
PA0898	AAG04287
PA0899	AAG04288
PA0900	AAG04289
PA0901	AAG04290
PA0902	AAG04291
PA0903	AAG04292
PA0904	AAG04293
PA0905	AAG04294
EBG00001435471	EBT00001813463
PA0905.1	PA0905.1-1
PA0905.2	PA0905.2-1
EBG00001435418	EBT00001813410
EBG00001435498	EBT00001813471
PA0905.3	PA0905.3-1
PA0906	AAG04295
PA0907	AAG04296
PA0908	AAG04297
PA0909	AAG04298
PA0910	AAG04299
PA0911	AAG04300
PA0912	AAG04301
PA0913	AAG04302
PA0914	AAG04303
PA0915	AAG04304
PA0916	AAG04305
PA0917	AAG04306
PA0918	AAG04307
PA0919	AAG04308
PA0920	AAG04309
PA0921	AAG04310
PA0922	AAG04311
PA0922.1	PA0922.1-1
EBG00001435410	EBT00001813431
PA0923	AAG04312
PA0924	AAG04313
PA0925	AAG04314
PA0926	AAG04315
PA0927	AAG04316
PA0928	AAG04317
PA0929	AAG04318
PA0930	AAG04319
PA0931	AAG04320
PA0932	AAG04321
PA0933	AAG04322
PA0934	AAG04323
PA0935	AAG04324
PA0936	AAG04325
PA0937	AAG04326
PA0938	AAG04327
PA0939	AAG04328
PA0940	AAG04329
PA0941	AAG04330
PA0942	AAG04331
PA0943	AAG04332
PA0944	AAG04333
PA0945	AAG04334
PA0946	AAG04335
PA0947	AAG04336
PA0948	AAG04337
PA0949	AAG04338
PA0950	AAG04339
PA0951	AAG04340
PA0952	AAG04341
PA0953	AAG04342
PA0954	AAG04343
PA0955	AAG04344
PA0956	AAG04345
PA0957	AAG04346
PA0958	AAG04347
PA0959	AAG04348
PA0960	AAG04349
PA0961	AAG04350
PA0962	AAG04351
PA0963	AAG04352
PA0964	AAG04353
PA0965	AAG04354
PA0966	AAG04355
PA0967	AAG04356
PA0968	AAG04357
PA0969	AAG04358
PA0970	AAG04359
PA0971	AAG04360
PA0972	AAG04361
PA0973	AAG04362
PA0974	AAG04363
PA0975	AAG04364
PA0976	AAG04365
EBG00001435432	EBT00001813444
PA0976.1	PA0976.1-1
PA0977	AAG04366
PA0978	AAG04367
PA0979	AAG04368
PA0980	AAG04369
PA0981	AAG04370
PA0982	AAG04371
PA0983	AAG04372
PA0984	AAG04373
PA0985	AAG04374
PA0986	AAG04375
PA0987	AAG04376
PA0988	AAG04377
PA0989	AAG04378
PA0990	AAG04379
PA0991	AAG04380
PA0992	AAG04381
PA0993	AAG04382
PA0994	AAG04383
PA0995	AAG04384
PA0996	AAG04385
PA0997	AAG04386
PA0998	AAG04387
PA0999	AAG04388
PA1000	AAG04389
PA1001	AAG04390
PA1002	AAG04391
PA1003	AAG04392
PA1004	AAG04393
PA1005	AAG04394
PA1006	AAG04395
PA1007	AAG04396
PA1008	AAG04397
PA1009	AAG04398
PA1010	AAG04399
PA1011	AAG04400
PA1012	AAG04401
PA1013	AAG04402
PA1013.1	PA1013.1-1
EBG00001435462	EBT00001813490
PA1014	AAG04403
PA1015	AAG04404
PA1016	AAG04405
PA1017	AAG04406
PA1018	AAG04407
PA1019	AAG04408
PA1020	AAG04409
PA1021	AAG04410
PA1022	AAG04411
PA1023	AAG04412
PA1024	AAG04413
PA1025	AAG04414
PA1026	AAG04415
PA1027	AAG04416
PA1028	AAG04417
PA1029	AAG04418
PA1030	AAG04419
PA1030.1	PA1030.1-1
EBG00001435436	EBT00001813497
PA1031	AAG04420
PA1032	AAG04421
PA1033	AAG04422
PA1034	AAG04423
PA1035	AAG04424
PA1036	AAG04425
PA1037	AAG04426
PA1038	AAG04427
PA1039	AAG04428
PA1040	AAG04429
PA1041	AAG04430
PA1042	AAG04431
PA1043	AAG04432
PA1044	AAG04433
PA1045	AAG04434
PA1046	AAG04435
PA1047	AAG04436
PA1048	AAG04437
PA1049	AAG04438
PA1050	AAG04439
PA1051	AAG04440
PA1052	AAG04441
PA1053	AAG04442
PA1054	AAG04443
PA1055	AAG04444
PA1056	AAG04445
PA1057	AAG04446
PA1058	AAG04447
PA1059	AAG04448
PA1060	AAG04449
PA1061	AAG04450
PA1062	AAG04451
PA1063	AAG04452
PA1064	AAG04453
PA1065	AAG04454
PA1066	AAG04455
PA1067	AAG04456
PA1068	AAG04457
PA1069	AAG04458
PA1070	AAG04459
PA1071	AAG04460
PA1072	AAG04461
PA1073	AAG04462
PA1074	AAG04463
PA1075	AAG04464
PA1076	AAG04465
PA1077	AAG04466
PA1078	AAG04467
PA1079	AAG04468
PA1080	AAG04469
PA1081	AAG04470
PA1082	AAG04471
PA1083	AAG04472
PA1084	AAG04473
PA1085	AAG04474
PA1086	AAG04475
PA1087	AAG04476
PA1088	AAG04477
PA1089	AAG04478
PA1090	AAG04479
PA1091	AAG04480
PA1092	AAG04481
PA1093	AAG04482
PA1094	AAG04483
PA1095	AAG04484
PA1096	AAG04485
PA1097	AAG04486
PA1098	AAG04487
PA1099	AAG04488
PA1100	AAG04489
PA1101	AAG04490
PA1102	AAG04491
PA1103	AAG04492
PA1104	AAG04493
PA1105	AAG04494
PA1106	AAG04495
PA1107	AAG04496
PA1108	AAG04497
PA1109	AAG04498
PA1110	AAG04499
PA1111	AAG04500
PA1112	AAG04501
PA1112.1	PA1112.1-1
PA1113	AAG04502
PA1114	AAG04503
PA1115	AAG04504
PA1116	AAG04505
PA1117	AAG04506
PA1118	AAG04507
PA1119	AAG04508
PA1120	AAG04509
PA1121	AAG04510
PA1122	AAG04511
PA1123	AAG04512
PA1124	AAG04513
PA1125	AAG04514
PA1126	AAG04515
PA1127	AAG04516
PA1128	AAG04517
PA1129	AAG04518
PA1130	AAG04519
PA1131	AAG04520
PA1132	AAG04521
PA1133	AAG04522
PA1134	AAG04523
PA1135	AAG04524
PA1136	AAG04525
PA1137	AAG04526
PA1138	AAG04527
PA1139	AAG04528
PA1140	AAG04529
PA1141	AAG04530
PA1142	AAG04531
PA1143	AAG04532
PA1144	AAG04533
PA1145	AAG04534
PA1146	AAG04535
PA1147	AAG04536
PA1148	AAG04537
PA1149	AAG04538
PA1150	AAG04539
PA1151	AAG04540
PA1152	AAG04541
PA1153	AAG04542
PA1154	AAG04543
PA1155	AAG04544
PA1156	AAG04545
PA1157	AAG04546
PA1158	AAG04547
PA1159	AAG04548
PA1160	AAG04549
PA1161	AAG04550
PA1162	AAG04551
PA1163	AAG04552
PA1164	AAG04553
PA1165	AAG04554
PA1166	AAG04555
PA1167	AAG04556
PA1168	AAG04557
PA1169	AAG04558
PA1170	AAG04559
PA1171	AAG04560
PA1172	AAG04561
PA1173	AAG04562
PA1174	AAG04563
PA1175	AAG04564
PA1176	AAG04565
PA1177	AAG04566
PA1178	AAG04567
PA1179	AAG04568
PA1180	AAG04569
PA1181	AAG04570
PA1182	AAG04571
PA1183	AAG04572
PA1184	AAG04573
PA1185	AAG04574
PA1186	AAG04575
PA1187	AAG04576
PA1188	AAG04577
PA1189	AAG04578
PA1190	AAG04579
PA1191	AAG04580
PA1192	AAG04581
PA1193	AAG04582
PA1194	AAG04583
PA1195	AAG04584
PA1196	AAG04585
PA1197	AAG04586
PA1198	AAG04587
PA1199	AAG04588
PA1200	AAG04589
PA1201	AAG04590
PA1202	AAG04591
PA1203	AAG04592
PA1204	AAG04593
PA1205	AAG04594
PA1206	AAG04595
PA1207	AAG04596
PA1208	AAG04597
PA1209	AAG04598
PA1210	AAG04599
PA1211	AAG04600
PA1212	AAG04601
PA1213	AAG04602
PA1214	AAG04603
PA1215	AAG04604
PA1216	AAG04605
PA1217	AAG04606
PA1218	AAG04607
PA1219	AAG04608
PA1220	AAG04609
PA1221	AAG04610
PA1222	AAG04611
PA1223	AAG04612
PA1224	AAG04613
PA1225	AAG04614
PA1226	AAG04615
PA1227	AAG04616
PA1228	AAG04617
PA1229	AAG04618
PA1230	AAG04619
PA1231	AAG04620
PA1232	AAG04621
PA1233	AAG04622
PA1234	AAG04623
PA1235	AAG04624
PA1236	AAG04625
PA1237	AAG04626
PA1238	AAG04627
PA1239	AAG04628
PA1240	AAG04629
PA1241	AAG04630
PA1242	AAG04631
PA1243	AAG04632
PA1244	AAG04633
EBG00001435519	EBT00001813387
PA1245	AAG04634
PA1246	AAG04635
PA1247	AAG04636
PA1248	AAG04637
PA1249	AAG04638
PA1250	AAG04639
PA1251	AAG04640
PA1252	AAG04641
PA1253	AAG04642
PA1254	AAG04643
PA1255	AAG04644
PA1256	AAG04645
PA1257	AAG04646
PA1258	AAG04647
PA1259	AAG04648
PA1260	AAG04649
PA1261	AAG04650
PA1262	AAG04651
PA1263	AAG04652
PA1264	AAG04653
PA1265	AAG04654
PA1266	AAG04655
PA1267	AAG04656
PA1268	AAG04657
PA1269	AAG04658
PA1270	AAG04659
PA1271	AAG04660
PA1272	AAG04661
PA1273	AAG04662
PA1274	AAG04663
PA1275	AAG04664
PA1276	AAG04665
PA1277	AAG04666
PA1278	AAG04667
PA1279	AAG04668
PA1280	AAG04669
PA1281	AAG04670
PA1282	AAG04671
PA1283	AAG04672
PA1284	AAG04673
PA1285	AAG04674
PA1286	AAG04675
PA1287	AAG04676
PA1288	AAG04677
PA1289	AAG04678
PA1290	AAG04679
PA1291	AAG04680
PA1292	AAG04681
PA1293	AAG04682
PA1294	AAG04683
PA1295	AAG04684
PA1296	AAG04685
PA1297	AAG04686
PA1298	AAG04687
PA1299	AAG04688
PA1300	AAG04689
PA1301	AAG04690
PA1302	AAG04691
PA1303	AAG04692
PA1304	AAG04693
PA1305	AAG04694
PA1306	AAG04695
PA1307	AAG04696
PA1308	AAG04697
PA1309	AAG04698
PA1310	AAG04699
PA1311	AAG04700
PA1312	AAG04701
PA1313	AAG04702
PA1314	AAG04703
PA1315	AAG04704
PA1316	AAG04705
PA1317	AAG04706
PA1318	AAG04707
PA1319	AAG04708
PA1320	AAG04709
PA1321	AAG04710
PA1322	AAG04711
PA1323	AAG04712
PA1324	AAG04713
PA1324.1	PA1324.1-1
EBG00001435530	EBT00001813425
PA1325	AAG04714
PA1326	AAG04715
PA1327	AAG04716
PA1328	AAG04717
PA1329	AAG04718
PA1330	AAG04719
PA1331	AAG04720
PA1332	AAG04721
PA1333	AAG04722
PA1334	AAG04723
PA1335	AAG04724
PA1336	AAG04725
PA1337	AAG04726
PA1338	AAG04727
PA1339	AAG04728
PA1340	AAG04729
PA1341	AAG04730
PA1342	AAG04731
PA1343	AAG04732
PA1344	AAG04733
PA1345	AAG04734
PA1346	AAG04735
PA1347	AAG04736
PA1348	AAG04737
PA1349	AAG04738
PA1350	AAG04739
PA1351	AAG04740
PA1352	AAG04741
PA1353	AAG04742
PA1354	AAG04743
PA1355	AAG04744
PA1356	AAG04745
PA1357	AAG04746
PA1358	AAG04747
PA1359	AAG04748
PA1360	AAG04749
PA1361	AAG04750
PA1362	AAG04751
PA1363	AAG04752
PA1364	AAG04753
PA1365	AAG04754
PA1366	AAG04755
PA1367	AAG04756
PA1368	AAG04757
PA1369	AAG04758
PA1370	AAG04759
PA1371	AAG04760
PA1372	AAG04761
PA1373	AAG04762
PA1374	AAG04763
PA1375	AAG04764
PA1376	AAG04765
PA1377	AAG04766
PA1378	AAG04767
PA1379	AAG04768
PA1380	AAG04769
PA1381	AAG04770
PA1382	AAG04771
PA1383	AAG04772
PA1384	AAG04773
PA1385	AAG04774
PA1386	AAG04775
PA1387	AAG04776
PA1388	AAG04777
PA1389	AAG04778
PA1390	AAG04779
PA1391	AAG04780
PA1392	AAG04781
PA1393	AAG04782
PA1394	AAG04783
PA1395	AAG04784
PA1396	AAG04785
PA1397	AAG04786
PA1398	AAG04787
PA1399	AAG04788
PA1400	AAG04789
PA1401	AAG04790
PA1402	AAG04791
PA1403	AAG04792
PA1404	AAG04793
PA1405	AAG04794
PA1406	AAG04795
PA1407	AAG04796
PA1408	AAG04797
PA1409	AAG04798
PA1410	AAG04799
PA1411	AAG04800
PA1412	AAG04801
PA1413	AAG04802
PA1414	AAG04803
PA1415	AAG04804
PA1416	AAG04805
PA1417	AAG04806
PA1418	AAG04807
PA1419	AAG04808
PA1420	AAG04809
PA1421	AAG04810
PA1422	AAG04811
PA1423	AAG04812
PA1424	AAG04813
PA1425	AAG04814
PA1426	AAG04815
PA1427	AAG04816
PA1428	AAG04817
PA1429	AAG04818
PA1430	AAG04819
PA1431	AAG04820
PA1432	AAG04821
PA1433	AAG04822
PA1434	AAG04823
PA1435	AAG04824
PA1436	AAG04825
PA1437	AAG04826
PA1438	AAG04827
PA1439	AAG04828
PA1440	AAG04829
PA1441	AAG04830
PA1442	AAG04831
PA1443	AAG04832
PA1444	AAG04833
PA1445	AAG04834
PA1446	AAG04835
PA1447	AAG04836
PA1448	AAG04837
PA1449	AAG04838
PA1450	AAG04839
PA1451	AAG04840
PA1452	AAG04841
PA1453	AAG04842
PA1454	AAG04843
PA1455	AAG04844
PA1456	AAG04845
PA1457	AAG04846
PA1458	AAG04847
PA1459	AAG04848
PA1460	AAG04849
PA1461	AAG04850
PA1462	AAG04851
PA1463	AAG04852
PA1464	AAG04853
PA1465	AAG04854
PA1466	AAG04855
PA1467	AAG04856
PA1468	AAG04857
PA1469	AAG04858
PA1470	AAG04859
PA1471	AAG04860
PA1472	AAG04861
PA1473	AAG04862
PA1474	AAG04863
PA1475	AAG04864
PA1476	AAG04865
PA1477	AAG04866
PA1478	AAG04867
PA1479	AAG04868
PA1480	AAG04869
PA1481	AAG04870
PA1482	AAG04871
PA1483	AAG04872
PA1484	AAG04873
PA1485	AAG04874
PA1486	AAG04875
PA1487	AAG04876
PA1488	AAG04877
PA1489	AAG04878
PA1490	AAG04879
PA1491	AAG04880
PA1492	AAG04881
PA1493	AAG04882
PA1494	AAG04883
PA1495	AAG04884
PA1496	AAG04885
PA1497	AAG04886
PA1498	AAG04887
PA1499	AAG04888
PA1500	AAG04889
PA1501	AAG04890
PA1502	AAG04891
PA1503	AAG04892
PA1504	AAG04893
PA1505	AAG04894
PA1506	AAG04895
PA1507	AAG04896
PA1508	AAG04897
PA1509	AAG04898
PA1510	AAG04899
PA1511	AAG04900
PA1512	AAG04901
PA1513	AAG04902
PA1514	AAG04903
PA1515	AAG04904
PA1516	AAG04905
PA1517	AAG04906
PA1518	AAG04907
PA1519	AAG04908
PA1520	AAG04909
PA1521	AAG04910
PA1522	AAG04911
PA1523	AAG04912
PA1524	AAG04913
PA1525	AAG04914
PA1526	AAG04915
PA1527	AAG04916
PA1528	AAG04917
PA1529	AAG04918
PA1530	AAG04919
PA1530.1	PA1530.1-1
EBG00001435404	EBT00001813453
EBG00001435449	EBT00001813415
PA1531	AAG04920
PA1532	AAG04921
PA1533	AAG04922
PA1534	AAG04923
PA1535	AAG04924
PA1536	AAG04925
PA1537	AAG04926
PA1538	AAG04927
PA1539	AAG04928
PA1540	AAG04929
PA1541	AAG04930
PA1542	AAG04931
PA1543	AAG04932
PA1544	AAG04933
PA1545	AAG04934
PA1546	AAG04935
PA1547	AAG04936
PA1548	AAG04937
PA1549	AAG04938
PA1550	AAG04939
PA1551	AAG04940
PA1552	AAG04941
PA1552.1	ADN93059
PA1553	AAG04942
PA1554	AAG04943
PA1555	AAG04944
PA1555.1	ADN93060
PA1556	AAG04945
PA1557	AAG04946
PA1558	AAG04947
PA1559	AAG04948
PA1560	AAG04949
PA1561	AAG04950
PA1562	AAG04951
PA1563	AAG04952
PA1564	AAG04953
PA1565	AAG04954
PA1566	AAG04955
PA1567	AAG04956
PA1568	AAG04957
PA1569	AAG04958
PA1570	AAG04959
PA1571	AAG04960
PA1572	AAG04961
PA1573	AAG04962
PA1574	AAG04963
PA1575	AAG04964
PA1576	AAG04965
PA1577	AAG04966
PA1578	AAG04967
PA1579	AAG04968
PA1580	AAG04969
PA1581	AAG04970
PA1582	AAG04971
PA1583	AAG04972
PA1584	AAG04973
PA1585	AAG04974
PA1586	AAG04975
PA1587	AAG04976
PA1588	AAG04977
PA1589	AAG04978
PA1590	AAG04979
PA1591	AAG04980
PA1592	AAG04981
PA1593	AAG04982
PA1594	AAG04983
PA1595	AAG04984
PA1596	AAG04985
PA1597	AAG04986
PA1598	AAG04987
PA1599	AAG04988
PA1600	AAG04989
PA1601	AAG04990
PA1602	AAG04991
PA1603	AAG04992
PA1604	AAG04993
PA1605	AAG04994
PA1606	AAG04995
PA1607	AAG04996
PA1608	AAG04997
PA1609	AAG04998
PA1610	AAG04999
PA1611	AAG05000
PA1612	AAG05001
PA1613	AAG05002
PA1614	AAG05003
PA1615	AAG05004
PA1616	AAG05005
PA1617	AAG05006
PA1618	AAG05007
PA1619	AAG05008
PA1620	AAG05009
PA1621	AAG05010
PA1622	AAG05011
PA1623	AAG05012
PA1624	AAG05013
PA1625	AAG05014
PA1626	AAG05015
PA1627	AAG05016
PA1628	AAG05017
PA1629	AAG05018
PA1630	AAG05019
PA1631	AAG05020
PA1632	AAG05021
PA1633	AAG05022
PA1634	AAG05023
PA1635	AAG05024
PA1636	AAG05025
PA1637	AAG05026
PA1638	AAG05027
PA1639	AAG05028
PA1640	AAG05029
PA1641	AAG05030
PA1642	AAG05031
PA1643	AAG05032
PA1644	AAG05033
PA1645	AAG05034
PA1646	AAG05035
PA1647	AAG05036
PA1648	AAG05037
PA1649	AAG05038
PA1650	AAG05039
PA1651	AAG05040
PA1652	AAG05041
PA1653	AAG05042
PA1654	AAG05043
PA1655	AAG05044
PA1656	AAG05045
PA1657	AAG05046
PA1658	AAG05047
PA1659	AAG05048
EBG00001435428	EBT00001813465
PA1660	AAG05049
PA1661	AAG05050
PA1662	AAG05051
PA1663	AAG05052
PA1664	AAG05053
PA1665	AAG05054
PA1666	AAG05055
PA1667	AAG05056
PA1668	AAG05057
PA1669	AAG05058
PA1670	AAG05059
PA1671	AAG05060
PA1672	AAG05061
PA1673	AAG05062
PA1674	AAG05063
PA1675	AAG05064
PA1676	AAG05065
PA1677	AAG05066
PA1678	AAG05067
PA1679	AAG05068
PA1680	AAG05069
PA1681	AAG05070
PA1682	AAG05071
PA1683	AAG05072
PA1684	AAG05073
PA1685	AAG05074
PA1686	AAG05075
PA1687	AAG05076
PA1688	AAG05077
PA1689	AAG05078
PA1690	AAG05079
PA1691	AAG05080
PA1692	AAG05081
PA1693	AAG05082
PA1694	AAG05083
PA1695	AAG05084
PA1696	AAG05085
PA1697	AAG05086
PA1698	AAG05087
PA1699	AAG05088
PA1700	AAG05089
PA1701	AAG05090
PA1702	AAG05091
PA1703	AAG05092
PA1704	AAG05093
PA1705	AAG05094
PA1706	AAG05095
PA1707	AAG05096
PA1708	AAG05097
PA1709	AAG05098
PA1710	AAG05099
PA1711	AAG05100
PA1712	AAG05101
PA1713	AAG05102
PA1714	AAG05103
PA1715	AAG05104
PA1716	AAG05105
PA1717	AAG05106
PA1718	AAG05107
PA1719	AAG05108
PA1720	AAG05109
PA1721	AAG05110
PA1722	AAG05111
PA1723	AAG05112
PA1724	AAG05113
PA1725	AAG05114
PA1726	AAG05115
PA1727	AAG05116
PA1728	AAG05117
PA1729	AAG05118
PA1730	AAG05119
PA1731	AAG05120
PA1732	AAG05121
PA1733	AAG05122
PA1734	AAG05123
PA1735	AAG05124
PA1736	AAG05125
PA1737	AAG05126
PA1738	AAG05127
PA1739	AAG05128
PA1740	AAG05129
PA1741	AAG05130
PA1742	AAG05131
PA1743	AAG05132
PA1744	AAG05133
PA1745	AAG05134
PA1746	AAG05135
PA1747	AAG05136
PA1748	AAG05137
PA1749	AAG05138
PA1750	AAG05139
PA1751	AAG05140
PA1752	AAG05141
PA1753	AAG05142
PA1754	AAG05143
PA1755	AAG05144
PA1756	AAG05145
PA1757	AAG05146
PA1758	AAG05147
PA1759	AAG05148
PA1760	AAG05149
PA1761	AAG05150
PA1762	AAG05151
PA1763	AAG05152
PA1764	AAG05153
PA1765	AAG05154
PA1766	AAG05155
PA1767	AAG05156
PA1768	AAG05157
PA1769	AAG05158
PA1770	AAG05159
PA1771	AAG05160
PA1772	AAG05161
PA1773	AAG05162
PA1774	AAG05163
PA1775	AAG05164
PA1776	AAG05165
PA1777	AAG05166
PA1778	AAG05167
PA1779	AAG05168
PA1780	AAG05169
PA1781	AAG05170
EBG00001435421	EBT00001813401
PA1781.1	PA1781.1-1
PA1782	AAG05171
PA1783	AAG05172
PA1784	AAG05173
PA1785	AAG05174
PA1786	AAG05175
PA1787	AAG05176
PA1788	AAG05177
PA1789	AAG05178
PA1790	AAG05179
PA1791	AAG05180
PA1792	AAG05181
PA1793	AAG05182
PA1794	AAG05183
PA1795	AAG05184
PA1796	AAG05185
EBG00001435414	EBT00001813505
PA1796.1	PA1796.1-1
EBG00001435456	EBT00001813393
PA1796.2	PA1796.2-1
PA1796.3	PA1796.3-1
EBG00001435441	EBT00001813426
EBG00001435479	EBT00001813432
PA1796.4	PA1796.4-1
PA1797	AAG05186
PA1798	AAG05187
PA1799	AAG05188
PA1800	AAG05189
PA1801	AAG05190
PA1802	AAG05191
PA1803	AAG05192
PA1804	AAG05193
EBG00001435528	EBT00001813380
EBG00001435512	EBT00001813427
PA1804.1	PA1804.1-1
PA1805	AAG05194
PA1806	AAG05195
PA1807	AAG05196
PA1808	AAG05197
PA1809	AAG05198
PA1810	AAG05199
PA1811	AAG05200
PA1812	AAG05201
PA1813	AAG05202
PA1814	AAG05203
PA1815	AAG05204
PA1816	AAG05205
PA1817	AAG05206
PA1818	AAG05207
PA1819	AAG05208
PA1820	AAG05209
PA1821	AAG05210
PA1822	AAG05211
PA1823	AAG05212
PA1824	AAG05213
PA1825	AAG05214
PA1826	AAG05215
PA1827	AAG05216
PA1828	AAG05217
PA1829	AAG05218
PA1830	AAG05219
PA1831	AAG05220
PA1832	AAG05221
PA1833	AAG05222
PA1834	AAG05223
PA1835	AAG05224
PA1836	AAG05225
PA1837	AAG05226
PA1838	AAG05227
PA1839	AAG05228
PA1840	AAG05229
PA1841	AAG05230
PA1842	AAG05231
PA1843	AAG05232
PA1844	AAG05233
PA1845	AAG05234
PA1846	AAG05235
PA1847	AAG05236
PA1848	AAG05237
PA1849	AAG05238
PA1850	AAG05239
PA1851	AAG05240
PA1852	AAG05241
PA1853	AAG05242
PA1854	AAG05243
PA1855	AAG05244
PA1856	AAG05245
PA1857	AAG05246
PA1858	AAG05247
PA1859	AAG05248
PA1860	AAG05249
PA1861	AAG05250
PA1862	AAG05251
PA1863	AAG05252
PA1864	AAG05253
PA1865	AAG05254
PA1866	AAG05255
PA1867	AAG05256
PA1868	AAG05257
PA1869	AAG05258
PA1870	AAG05259
PA1871	AAG05260
PA1872	AAG05261
PA1873	AAG05262
PA1874	AAG05263
PA1875	AAG05264
PA1876	AAG05265
PA1877	AAG05266
PA1878	AAG05267
PA1879	AAG05268
PA1880	AAG05269
PA1881	AAG05270
PA1882	AAG05271
PA1883	AAG05272
PA1884	AAG05273
PA1885	AAG05274
PA1886	AAG05275
PA1887	AAG05276
PA1888	AAG05277
PA1889	AAG05278
PA1890	AAG05279
PA1891	AAG05280
PA1892	AAG05281
PA1893	AAG05282
PA1894	AAG05283
PA1895	AAG05284
PA1896	AAG05285
PA1897	AAG05286
PA1898	AAG05287
PA1899	AAG05288
PA1900	AAG05289
PA1901	AAG05290
PA1902	AAG05291
PA1903	AAG05292
PA1904	AAG05293
PA1905	AAO42617
PA1906	AAG05294
PA1907	AAG05295
PA1908	AAG05296
PA1909	AAG05297
PA1910	AAG05298
PA1911	AAG05299
PA1912	AAG05300
PA1913	AAG05301
PA1914	AAG05302
PA1915	AAG05303
PA1916	AAG05304
PA1917	AAG05305
PA1918	AAG05306
PA1919	AAG05307
PA1920	AAG05308
PA1921	AAG05309
PA1922	AAG05310
PA1923	AAG05311
PA1924	AAG05312
PA1925	AAG05313
PA1926	AAG05314
PA1927	AAG05315
PA1928	AAG05316
PA1929	AAG05317
PA1930	AAG05318
PA1931	AAG05319
PA1932	AAG05320
PA1933	AAG05321
PA1934	AAG05322
PA1935	AAG05323
PA1936	AAG05324
PA1937	AAG05325
PA1938	AAG05326
PA1939	AAG05327
PA1940	AAG05328
PA1941	AAG05329
PA1942	AAG05330
PA1943	AAG05331
PA1944	AAG05332
PA1945	AAG05333
PA1946	AAG05334
PA1947	AAG05335
PA1948	AAG05336
PA1949	AAG05337
PA1950	AAG05338
PA1951	AAG05339
PA1952	AAG05340
PA1953	AAG05341
PA1954	AAG05342
PA1955	AAG05343
PA1956	AAG05344
PA1957	AAG05345
PA1958	AAG05346
PA1959	AAG05347
PA1960	AAG05348
PA1961	AAG05349
PA1962	AAG05350
PA1963	AAG05351
PA1964	AAG05352
PA1965	AAG05353
PA1966	AAG05354
PA1967	AAG05355
PA1968	AAG05356
PA1969	AAG05357
PA1970	AAG05358
PA1971	AAG05359
PA1972	AAG05360
PA1973	AAG05361
PA1974	AAG05362
PA1975	AAG05363
PA1976	AAG05364
PA1977	AAG05365
PA1978	AAG05366
PA1979	AAG05367
PA1980	AAG05368
PA1981	AAG05369
PA1982	AAG05370
PA1983	AAG05371
PA1984	AAG05372
PA1985	AAG05373
PA1986	AAG05374
PA1987	AAG05375
PA1988	AAG05376
PA1989	AAG05377
PA1990	AAG05378
PA1991	AAG05379
PA1992	AAG05380
PA1993	AAG05381
PA1994	AAG05382
PA1995	AAG05383
PA1996	AAG05384
PA1997	AAG05385
PA1998	AAG05386
PA1999	AAG05387
PA2000	AAG05388
PA2001	AAG05389
PA2002	AAG05390
PA2003	AAG05391
PA2004	AAG05392
PA2005	AAG05393
PA2006	AAG05394
PA2007	AAG05395
PA2008	AAG05396
PA2009	AAG05397
PA2010	AAG05398
PA2011	AAG05399
PA2012	AAG05400
PA2013	AAG05401
PA2014	AAG05402
PA2015	AAG05403
PA2016	AAG05404
PA2017	AAG05405
PA2018	AAG05406
PA2019	AAG05407
PA2020	AAG05408
PA2021	AAG05409
PA2022	AAG05410
PA2023	AAG05411
PA2024	AAG05412
PA2025	AAG05413
PA2026	AAG05414
PA2027	AAG05415
PA2028	AAG05416
PA2029	AAG05417
PA2030	AAG05418
PA2031	AAG05419
PA2032	AAG05420
PA2033	AAG05421
PA2034	AAG05422
PA2035	AAG05423
PA2036	AAG05424
PA2037	AAG05425
PA2038	AAG05426
PA2039	AAG05427
PA2040	AAG05428
PA2041	AAG05429
PA2042	AAG05430
PA2043	AAG05431
PA2044	AAG05432
PA2045	AAG05433
PA2046	AAG05434
PA2047	AAG05435
PA2048	AAG05436
PA2049	AAG05437
PA2050	AAG05438
PA2051	AAG05439
PA2052	AAG05440
PA2053	AAG05441
PA2054	AAG05442
PA2055	AAG05443
PA2056	AAG05444
PA2057	AAG05445
PA2058	AAG05446
PA2059	AAG05447
PA2060	AAG05448
PA2061	AAG05449
PA2062	AAG05450
PA2063	AAG05451
PA2064	AAG05452
PA2065	AAG05453
PA2066	AAG05454
PA2067	AAG05455
PA2068	AAG05456
PA2069	AAG05457
PA2070	AAG05458
PA2071	AAG05459
PA2072	AAG05460
PA2073	AAG05461
PA2074	AAG05462
PA2075	AAG05463
PA2076	AAG05464
PA2077	AAG05465
PA2078	AAG05466
PA2079	AAG05467
PA2080	AAG05468
PA2081	AAG05469
PA2082	AAG05470
PA2083	AAG05471
PA2084	AAG05472
PA2085	AAG05473
PA2086	AAG05474
PA2087	AAG05475
PA2088	AAG05476
PA2089	AAG05477
PA2090	AAG05478
PA2091	AAG05479
PA2092	AAG05480
PA2093	AAG05481
PA2094	AAG05482
PA2095	AAG05483
PA2096	AAG05484
PA2097	AAG05485
PA2098	AAG05486
PA2099	AAG05487
PA2100	AAG05488
PA2101	AAG05489
PA2102	AAG05490
PA2103	AAG05491
PA2104	AAG05492
PA2105	AAG05493
PA2106	AAG05494
PA2107	AAG05495
PA2108	AAG05496
PA2109	AAG05497
PA2110	AAG05498
PA2111	AAG05499
PA2112	AAG05500
PA2113	AAG05501
PA2114	AAG05502
PA2115	AAG05503
PA2116	AAG05504
PA2117	AAG05505
PA2118	AAG05506
PA2119	AAG05507
PA2120	AAG05508
PA2121	AAG05509
PA2122	AAG05510
PA2123	AAG05511
PA2124	AAG05512
PA2125	AAG05513
PA2126	AAG05514
PA2127	AAG05515
PA2128	AAG05516
PA2129	AAG05517
PA2130	AAG05518
PA2131	AAG05519
PA2132	AAG05520
PA2133	AAG05521
PA2134	AAG05522
PA2135	AAG05523
PA2136	AAG05524
PA2137	AAG05525
PA2138	AAG05526
PA2139	AAG05527
PA2140	AAG05528
PA2141	AAG05529
PA2142	AAG05530
PA2143	AAG05531
PA2144	AAG05532
PA2145	AAG05533
PA2146	AAG05534
PA2147	AAG05535
PA2148	AAG05536
PA2149	AAG05537
PA2150	AAG05538
PA2151	AAG05539
PA2152	AAG05540
PA2153	AAG05541
PA2154	AAG05542
PA2155	AAG05543
PA2156	AAG05544
PA2157	AAG05545
PA2158	AAG05546
PA2159	AAG05547
PA2160	AAG05548
PA2161	AAG05549
PA2162	AAG05550
PA2163	AAG05551
PA2164	AAG05552
PA2165	AAG05553
PA2166	AAG05554
PA2167	AAG05555
PA2168	AAG05556
PA2169	AAG05557
PA2170	AAG05558
PA2171	AAG05559
PA2172	AAG05560
PA2173	AAG05561
PA2174	AAG05562
PA2175	AAG05563
PA2176	AAG05564
PA2177	AAG05565
PA2178	AAG05566
PA2179	AAG05567
PA2180	AAG05568
PA2181	AAG05569
PA2182	AAG05570
PA2183	AAG05571
PA2184	AAG05572
PA2185	AAG05573
PA2186	AAG05574
PA2187	AAG05575
PA2188	AAG05576
PA2189	AAG05577
PA2190	AAG05578
PA2191	AAG05579
PA2192	AAG05580
PA2193	AAG05581
PA2194	AAG05582
PA2195	AAG05583
PA2196	AAG05584
PA2197	AAG05585
PA2198	AAG05586
PA2199	AAG05587
PA2200	AAG05588
PA2201	AAG05589
PA2202	AAG05590
PA2203	AAG05591
PA2204	AAG05592
PA2205	AAG05593
PA2206	AAG05594
PA2207	AAG05595
PA2208	AAG05596
PA2209	AAG05597
PA2210	AAG05598
PA2211	AAG05599
PA2212	AAG05600
PA2213	AAG05601
PA2214	AAG05602
PA2215	AAG05603
PA2216	AAG05604
PA2217	AAG05605
PA2218	AAG05606
PA2219	AAG05607
PA2220	AAG05608
PA2221	AAG05609
PA2222	AAG05610
PA2223	AAG05611
PA2224	AAG05612
PA2225	AAG05613
PA2226	AAG05614
PA2227	AAG05615
PA2228	AAG05616
PA2229	AAG05617
PA2230	AAG05618
PA2231	AAG05619
PA2232	AAG05620
PA2233	AAG05621
PA2234	AAG05622
PA2235	AAG05623
PA2236	AAG05624
PA2237	AAG05625
PA2238	AAG05626
PA2239	AAG05627
PA2240	AAG05628
PA2241	AAG05629
PA2242	AAG05630
PA2243	AAG05631
PA2244	AAG05632
PA2245	AAG05633
PA2246	AAG05634
PA2247	AAG05635
PA2248	AAG05636
PA2249	AAG05637
PA2250	AAG05638
PA2251	AAG05639
PA2252	AAG05640
PA2253	AAG05641
PA2254	AAG05642
PA2255	AAG05643
PA2256	AAG05644
PA2257	AAG05645
PA2258	AAG05646
PA2259	AAG05647
PA2260	AAG05648
PA2261	AAG05649
PA2262	AAG05650
PA2263	AAG05651
PA2264	AAG05652
PA2265	AAG05653
PA2266	AAG05654
PA2267	AAG05655
PA2268	AAG05656
PA2269	AAG05657
PA2270	AAG05658
PA2271	AAG05659
PA2272	AAG05660
PA2273	AAG05661
PA2274	AAG05662
PA2275	AAG05663
PA2276	AAG05664
PA2277	AAG05665
PA2278	AAG05666
PA2279	AAG05667
PA2280	AAG05668
PA2281	AAG05669
PA2282	AAG05670
PA2283	AAG05671
PA2284	AAG05672
PA2285	AAG05673
PA2286	AAG05674
PA2287	AAG05675
PA2288	AAG05676
PA2289	AAG05677
PA2290	AAG05678
PA2291	AAG05679
PA2292	AAG05680
PA2293	AAG05681
PA2294	AAG05682
PA2295	AAG05683
PA2296	AAG05684
PA2297	AAG05685
PA2298	AAG05686
PA2299	AAG05687
PA2300	AAG05688
PA2301	AAG05689
PA2302	AAG05690
PA2303	AAG05691
PA2304	AAG05692
PA2305	AAG05693
PA2306	AAG05694
PA2307	AAG05695
PA2308	AAG05696
PA2309	AAG05697
PA2310	AAG05698
PA2311	AAG05699
PA2312	AAG05700
PA2313	AAG05701
PA2314	AAG05702
PA2315	AAG05703
PA2316	AAG05704
PA2317	AAG05705
PA2318	AAG05706
PA2319	AAG05707
PA2320	AAG05708
PA2321	AAG05709
PA2322	AAG05710
PA2323	AAG05711
PA2324	AAG05712
PA2325	AAG05713
PA2326	AAG05714
PA2327	AAG05715
PA2328	AAG05716
PA2329	AAG05717
PA2330	AAG05718
PA2331	AAG05719
PA2332	AAG05720
PA2333	AAG05721
PA2334	AAG05722
PA2335	AAG05723
PA2336	AAG05724
PA2337	AAG05725
PA2338	AAG05726
PA2339	AAG05727
PA2340	AAG05728
PA2341	AAG05729
PA2342	AAG05730
PA2343	AAG05731
PA2344	AAG05732
PA2345	AAG05733
PA2346	AAG05734
PA2347	AAG05735
PA2348	AAG05736
PA2349	AAG05737
PA2350	AAG05738
PA2351	AAG05739
PA2352	AAG05740
PA2353	AAG05741
PA2354	AAG05742
PA2355	AAG05743
PA2356	AAG05744
PA2357	AAG05745
PA2358	AAG05746
PA2359	AAG05747
PA2360	AAG05748
PA2361	AAG05749
PA2362	AAG05750
PA2363	AAG05751
PA2364	AAG05752
PA2365	AAG05753
PA2366	AAG05754
PA2367	AAG05755
PA2368	AAG05756
PA2369	AAG05757
PA2370	AAG05758
PA2371	AAG05759
PA2372	AAG05760
PA2373	AAG05761
PA2374	AAG05762
PA2375	AAG05763
PA2376	AAG05764
PA2377	AAG05765
PA2378	AAG05766
PA2379	AAG05767
PA2380	AAG05768
PA2381	AAG05769
PA2382	AAG05770
PA2383	AAG05771
PA2384	AAG05772
PA2385	AAG05773
PA2386	AAG05774
PA2387	AAG05775
PA2388	AAG05776
PA2389	AAG05777
PA2390	AAG05778
PA2391	AAG05779
PA2392	AAG05780
PA2393	AAG05781
PA2394	AAG05782
PA2395	AAG05783
PA2396	AAG05784
PA2397	AAG05785
PA2398	AAG05786
PA2399	AAG05787
PA2400	AAG05788
PA2402	AAG05790
PA2403	AAG05791
PA2404	AAG05792
PA2405	AAG05793
PA2406	AAG05794
PA2407	AAG05795
PA2408	AAG05796
PA2409	AAG05797
PA2410	AAG05798
PA2411	AAG05799
PA2412	AAG05800
PA2413	AAG05801
PA2414	AAG05802
PA2415	AAG05803
PA2416	AAG05804
PA2417	AAG05805
PA2418	AAG05806
PA2419	AAG05807
PA2420	AAG05808
PA2421	AAG05809
PA2422	AAG05810
PA2423	AAG05811
PA2424	AAG05812
PA2425	AAG05813
PA2426	AAG05814
PA2427	AAG05815
PA2428	AAG05816
PA2429	AAG05817
PA2430	AAG05818
PA2431	AAG05819
PA2432	AAG05820
PA2433	AAG05821
PA2434	AAG05822
PA2435	AAG05823
PA2436	AAG05824
PA2437	AAG05825
PA2438	AAG05826
PA2439	AAG05827
PA2440	AAG05828
PA2441	AAG05829
PA2442	AAG05830
PA2443	AAG05831
PA2444	AAG05832
PA2445	AAG05833
PA2446	AAG05834
PA2447	AAG05835
PA2448	AAG05836
PA2449	AAG05837
PA2450	AAG05838
PA2451	AAG05839
PA2452	AAG05840
PA2453	AAG05841
PA2454	AAG05842
PA2455	AAG05843
PA2456	AAG05844
PA2457	AAG05845
PA2458	AAG05846
PA2459	AAG05847
PA2460	AAG05848
PA2461	AAG05849
PA2462	AAG05850
PA2463	AAG05851
PA2464	AAG05852
PA2465	AAG05853
PA2466	AAG05854
PA2467	AAG05855
PA2468	AAG05856
PA2469	AAG05857
PA2470	AAG05858
PA2471	AAG05859
PA2472	AAG05860
PA2473	AAG05861
PA2474	AAG05862
PA2475	AAG05863
PA2476	AAG05864
PA2477	AAG05865
PA2478	AAG05866
PA2479	AAG05867
PA2480	AAG05868
PA2481	AAG05869
PA2482	AAG05870
PA2483	AAG05871
PA2484	AAG05872
PA2485	AAG05873
PA2486	AAG05874
PA2487	AAG05875
PA2488	AAG05876
PA2489	AAG05877
PA2490	AAG05878
PA2491	AAG05879
PA2492	AAG05880
PA2493	AAG05881
PA2494	AAG05882
PA2495	AAG05883
PA2496	AAG05884
PA2497	AAG05885
PA2498	AAG05886
PA2499	AAG05887
PA2500	AAG05888
PA2501	AAG05889
PA2502	AAG05890
PA2503	AAG05891
PA2504	AAG05892
PA2505	AAG05893
PA2506	AAG05894
PA2507	AAG05895
PA2508	AAG05896
PA2509	AAG05897
PA2510	AAG05898
PA2511	AAG05899
PA2512	AAG05900
PA2513	AAG05901
PA2514	AAG05902
PA2515	AAG05903
PA2516	AAG05904
PA2517	AAG05905
PA2518	AAG05906
PA2519	AAG05907
PA2520	AAG05908
PA2521	AAG05909
PA2522	AAG05910
PA2523	AAG05911
PA2524	AAG05912
PA2525	AAG05913
PA2526	AAG05914
PA2527	AAG05915
PA2528	AAG05916
PA2529	AAG05917
PA2530	AAG05918
PA2531	AAG05919
PA2532	AAG05920
PA2533	AAG05921
PA2534	AAG05922
PA2535	AAG05923
PA2536	AAG05924
PA2537	AAG05925
PA2538	AAG05926
PA2539	AAG05927
PA2540	AAG05928
PA2541	AAG05929
PA2542	AAG05930
PA2543	AAG05931
PA2544	AAG05932
PA2545	AAG05933
PA2546	AAG05934
PA2547	AAG05935
PA2548	AAG05936
PA2549	AAG05937
PA2550	AAG05938
PA2551	AAG05939
PA2552	AAG05940
PA2553	AAG05941
PA2554	AAG05942
PA2555	AAG05943
PA2556	AAG05944
PA2557	AAG05945
PA2558	AAG05946
PA2559	AAG05947
PA2560	AAG05948
PA2561	AAG05949
PA2562	AAG05950
PA2563	AAG05951
PA2564	AAG05952
PA2565	AAG05953
PA2566	AAG05954
PA2567	AAG05955
PA2568	AAG05956
PA2569	AAG05957
PA2570	AAG05958
PA2570.1	PA2570.1-1
EBG00001435527	EBT00001813480
PA2571	AAG05959
PA2572	AAG05960
PA2573	AAG05961
PA2574	AAG05962
PA2575	AAG05963
PA2576	AAG05964
PA2577	AAG05965
PA2578	AAG05966
PA2579	AAG05967
PA2580	AAG05968
PA2581	AAG05969
PA2581.1	PA2581.1-1
EBG00001435459	EBT00001813433
PA2582	AAG05970
PA2583	AAG05971
PA2583.1	PA2583.1-1
EBG00001435472	EBT00001813435
PA2584	AAG05972
PA2585	AAG05973
PA2586	AAG05974
PA2587	AAG05975
PA2588	AAG05976
PA2589	AAG05977
PA2590	AAG05978
PA2591	AAG05979
PA2592	AAG05980
PA2593	AAG05981
PA2594	AAG05982
PA2595	AAG05983
PA2596	AAG05984
PA2597	AAG05985
PA2598	AAG05986
PA2599	AAG05987
PA2600	AAG05988
PA2601	AAG05989
PA2602	AAG05990
PA2603	AAG05991
PA2603.1	PA2603.1-1
EBG00001435407	EBT00001813449
PA2604	AAG05992
PA2605	AAG05993
PA2606	AAG05994
PA2607	AAG05995
PA2608	AAG05996
PA2609	AAG05997
PA2610	AAG05998
PA2611	AAG05999
PA2612	AAG06000
PA2613	AAG06001
PA2614	AAG06002
PA2615	AAG06003
PA2616	AAG06004
PA2617	AAG06005
PA2618	AAG06006
PA2619	AAG06007
PA2620	AAG06008
PA2621	AAG06009
PA2622	AAG06010
PA2623	AAG06011
PA2624	AAG06012
PA2625	AAG06013
PA2626	AAG06014
PA2627	AAG06015
PA2628	AAG06016
PA2629	AAG06017
PA2630	AAG06018
PA2631	AAG06019
PA2632	AAG06020
PA2633	AAG06021
PA2634	AAG06022
PA2635	AAG06023
PA2636	AAG06024
PA2637	AAG06025
PA2638	AAG06026
PA2639	AAG06027
PA2640	AAG06028
PA2641	AAG06029
PA2642	AAG06030
PA2643	AAG06031
PA2644	AAG06032
PA2645	AAG06033
PA2646	AAG06034
PA2647	AAG06035
PA2648	AAG06036
PA2649	AAG06037
PA2650	AAG06038
PA2651	AAG06039
PA2652	AAG06040
PA2653	AAG06041
PA2654	AAG06042
PA2655	AAG06043
PA2656	AAG06044
PA2657	AAG06045
PA2658	AAG06046
PA2659	AAG06047
PA2660	AAG06048
PA2661	AAG06049
PA2662	AAG06050
PA2663	AAG06051
PA2664	AAG06052
PA2665	AAG06053
PA2666	AAG06054
PA2667	AAG06055
PA2668	AAG06056
PA2669	AAG06057
PA2670	AAG06058
PA2671	AAG06059
PA2672	AAG06060
PA2673	AAG06061
PA2674	AAG06062
PA2675	AAG06063
PA2676	AAG06064
PA2677	AAG06065
PA2678	AAG06066
PA2679	AAG06067
PA2680	AAG06068
PA2681	AAG06069
PA2682	AAG06070
PA2683	AAG06071
PA2684	AAG06072
PA2685	AAG06073
PA2686	AAG06074
PA2687	AAG06075
PA2688	AAG06076
PA2689	AAG06077
PA2690	AAG06078
PA2691	AAG06079
PA2692	AAG06080
PA2693	AAG06081
PA2694	AAG06082
PA2695	AAG06083
PA2696	AAG06084
PA2697	AAG06085
PA2698	AAG06086
PA2699	AAG06087
PA2700	AAG06088
PA2701	AAG06089
PA2702	AAG06090
PA2703	AAG06091
PA2704	AAG06092
PA2705	AAG06093
PA2706	AAG06094
PA2707	AAG06095
PA2708	AAG06096
PA2709	AAG06097
PA2710	AAG06098
PA2711	AAG06099
PA2712	AAG06100
PA2713	AAG06101
PA2714	AAG06102
PA2715	AAG06103
PA2716	AAG06104
PA2717	AAG06105
PA2718	AAG06106
PA2719	AAG06107
PA2720	AAG06108
PA2721	AAG06109
PA2722	AAG06110
PA2723	AAG06111
PA2724	AAG06112
PA2725	AAG06113
PA2726	AAG06114
PA2727	AAG06115
PA2728	AAG06116
PA2729	AAG06117
EBG00001435450	EBT00001813468
PA2730	AAG06118
PA2731	AAG06119
PA2732	AAG06120
PA2733	AAG06121
PA2734	AAG06122
PA2735	AAG06123
PA2736	AAG06124
PA2736.1	PA2736.1-1
EBG00001435515	EBT00001813482
PA2737	AAG06125
PA2738	AAG06126
PA2739	AAG06127
PA2740	AAG06128
PA2741	AAG06129
PA2742	AAG06130
PA2743	AAG06131
PA2744	AAG06132
EBG00001435424	EBT00001813379
PA2744.1	PA2744.1-1
PA2745	AAG06133
PA2746	AAG06134
PA2747	AAG06135
PA2748	AAG06136
PA2749	AAG06137
PA2750	AAG06138
PA2751	AAG06139
PA2752	AAG06140
PA2753	AAG06141
PA2754	AAG06142
PA2755	AAG06143
PA2756	AAG06144
PA2757	AAG06145
PA2758	AAG06146
PA2759	AAG06147
PA2760	AAG06148
PA2761	AAG06149
PA2762	AAG06150
PA2763	AAG06151
PA2764	AAG06152
PA2765	AAG06153
PA2766	AAG06154
PA2767	AAG06155
PA2768	AAG06156
PA2769	AAG06157
PA2770	AAG06158
PA2771	AAG06159
PA2772	AAG06160
PA2773	AAG06161
PA2774	AAG06162
PA2775	AAG06163
PA2775.1	PA2775.1-1
EBG00001435531	EBT00001813455
PA2776	AAG06164
PA2777	AAG06165
PA2778	AAG06166
PA2779	AAG06167
PA2780	AAG06168
PA2781	AAG06169
PA2782	AAG06170
PA2783	AAG06171
PA2784	AAG06172
PA2785	AAG06173
PA2786	AAG06174
PA2787	AAG06175
PA2788	AAG06176
PA2789	AAG06177
PA2790	AAG06178
PA2791	AAG06179
PA2792	AAG06180
PA2793	AAG06181
PA2794	AAG06182
PA2795	AAG06183
PA2796	AAG06184
PA2797	AAG06185
PA2798	AAG06186
PA2799	AAG06187
PA2800	AAG06188
PA2801	AAG06189
PA2802	AAG06190
PA2803	AAG06191
PA2804	AAG06192
PA2805	AAG06193
PA2806	AAG06194
PA2807	AAG06195
PA2808	AAG06196
PA2809	AAG06197
PA2810	AAG06198
PA2811	AAG06199
PA2812	AAG06200
PA2813	AAG06201
PA2814	AAG06202
PA2815	AAG06203
PA2816	AAG06204
PA2817	AAG06205
PA2818	AAG06206
PA2819	AAG06207
PA2819.1	PA2819.1-1
EBG00001435419	EBT00001813466
PA2819.2	PA2819.2-1
EBG00001435476	EBT00001813474
PA2819.3	PA2819.3-1
EBG00001435423	EBT00001813437
PA2820	AAG06208
PA2821	AAG06209
PA2822	AAG06210
PA2823	AAG06211
PA2824	AAG06212
PA2825	AAG06213
PA2826	AAG06214
PA2827	AAG06215
PA2828	AAG06216
PA2829	AAG06217
PA2830	AAG06218
PA2831	AAG06219
PA2832	AAG06220
PA2833	AAG06221
PA2834	AAG06222
PA2835	AAG06223
PA2836	AAG06224
PA2837	AAG06225
PA2838	AAG06226
PA2839	AAG06227
PA2840	AAG06228
PA2841	AAG06229
PA2842	AAG06230
PA2843	AAG06231
PA2844	AAG06232
PA2845	AAG06233
PA2846	AAG06234
PA2847	AAG06235
PA2848	AAG06236
PA2849	AAG06237
PA2850	AAG06238
PA2851	AAG06239
PA2852	AAG06240
PA2852.1	PA2852.1-1
EBG00001435448	EBT00001813429
EBG00001435506	EBT00001813489
PA2853	AAG06241
PA2854	AAG06242
PA2855	AAG06243
PA2856	AAG06244
PA2857	AAG06245
PA2858	AAG06246
PA2859	AAG06247
PA2860	AAG06248
PA2861	AAG06249
PA2862	AAG06250
PA2863	AAG06251
PA2864	AAG06252
PA2865	AAG06253
PA2866	AAG06254
PA2867	AAG06255
PA2868	AAG06256
PA2869	AAG06257
PA2870	AAG06258
PA2871	AAG06259
PA2872	AAG06260
PA2873	AAG06261
PA2874	AAG06262
PA2875	AAG06263
PA2876	AAG06264
PA2877	AAG06265
PA2878	AAG06266
PA2879	AAG06267
PA2880	AAG06268
PA2881	AAG06269
PA2882	AAG06270
PA2883	AAG06271
PA2884	AAG06272
PA2885	AAG06273
PA2886	AAG06274
PA2887	AAG06275
PA2888	AAG06276
PA2889	AAG06277
PA2890	AAG06278
PA2891	AAG06279
PA2892	AAG06280
PA2893	AAG06281
PA2894	AAG06282
PA2895	AAG06283
PA2896	AAG06284
PA2897	AAG06285
PA2898	AAG06286
PA2899	AAG06287
PA2900	AAG06288
PA2901	AAG06289
PA2902	AAG06290
PA2903	AAG06291
PA2904	AAG06292
PA2905	AAG06293
PA2906	AAG06294
PA2907	AAG06295
PA2908	AAG06296
PA2909	AAG06297
PA2910	AAG06298
PA2911	AAG06299
PA2912	AAG06300
PA2913	AAG06301
PA2914	AAG06302
PA2915	AAG06303
PA2916	AAG06304
PA2917	AAG06305
PA2918	AAG06306
PA2919	AAG06307
PA2920	AAG06308
PA2921	AAG06309
PA2922	AAG06310
PA2923	AAG06311
PA2924	AAG06312
PA2925	AAG06313
PA2926	AAG06314
PA2927	AAG06315
PA2928	AAG06316
PA2929	AAG06317
PA2930	AAG06318
PA2931	AAG06319
PA2932	AAG06320
PA2933	AAG06321
PA2934	AAG06322
PA2935	AAG06323
PA2936	AAG06324
PA2937	AAG06325
PA2938	AAG06326
PA2939	AAG06327
PA2940	AAG06328
PA2941	AAG06329
PA2942	AAG06330
PA2942.1	PA2942.1-1
EBG00001435467	EBT00001813403
PA2943	AAG06331
PA2944	AAG06332
PA2945	AAG06333
PA2946	AAG06334
PA2947	AAG06335
PA2948	AAG06336
PA2949	AAG06337
PA2950	AAG06338
PA2951	AAG06339
PA2952	AAG06340
PA2953	AAG06341
PA2954	AAG06342
PA2955	AAG06343
PA2956	AAG06344
PA2957	AAG06345
PA2958	AAG06346
PA2958.1	PA2958.1-1
EBG00001435487	EBT00001813451
PA2959	AAG06347
PA2960	AAG06348
PA2961	AAG06349
PA2962	AAG06350
PA2963	AAG06351
PA2964	AAG06352
PA2965	AAG06353
PA2966	AAG06354
PA2967	AAG06355
PA2968	AAG06356
PA2969	AAG06357
PA2970	AAG06358
PA2971	AAG06359
PA2972	AAG06360
PA2973	AAG06361
PA2974	AAG06362
PA2975	AAG06363
PA2976	AAG06364
PA2977	AAG06365
PA2978	AAG06366
PA2979	AAG06367
PA2980	AAG06368
PA2981	AAG06369
PA2982	AAG06370
PA2983	AAG06371
PA2984	AAG06372
PA2985	AAG06373
PA2986	AAG06374
PA2987	AAG06375
PA2988	AAG06376
PA2989	AAG06377
PA2990	AAG06378
PA2991	AAG06379
PA2992	AAG06380
PA2993	AAG06381
PA2994	AAG06382
PA2995	AAG06383
PA2996	AAG06384
PA2997	AAG06385
PA2998	AAG06386
PA2999	AAG06387
PA3000	AAG06388
PA3001	AAG06389
PA3002	AAG06390
PA3003	AAG06391
PA3004	AAG06392
PA3005	AAG06393
PA3006	AAG06394
PA3007	AAG06395
PA3008	AAG06396
PA3009	AAG06397
PA3010	AAG06398
PA3011	AAG06399
PA3012	AAG06400
PA3013	AAG06401
PA3014	AAG06402
PA3015	AAG06403
PA3016	AAG06404
PA3017	AAG06405
PA3018	AAG06406
PA3019	AAG06407
PA3020	AAG06408
PA3021	AAG06409
PA3022	AAG06410
PA3023	AAG06411
PA3024	AAG06412
PA3025	AAG06413
PA3026	AAG06414
PA3027	AAG06415
PA3028	AAG06416
PA3029	AAG06417
PA3030	AAG06418
PA3031	AAG06419
PA3031.1	PA3031.1-1
EBG00001435443	EBT00001813485
PA3032	AAG06420
PA3033	AAG06421
PA3034	AAG06422
PA3035	AAG06423
PA3036	AAG06424
PA3037	AAG06425
PA3038	AAG06426
PA3039	AAG06427
PA3040	AAG06428
PA3041	AAG06429
PA3042	AAG06430
PA3043	AAG06431
PA3044	AAG06432
PA3045	AAG06433
PA3046	AAG06434
PA3047	AAG06435
PA3048	AAG06436
PA3049	AAG06437
PA3050	AAG06438
PA3051	AAG06439
PA3052	AAG06440
PA3053	AAG06441
PA3054	AAG06442
PA3055	AAG06443
PA3056	AAG06444
PA3057	AAG06445
PA3058	AAG06446
PA3059	AAG06447
PA3060	AAG06448
PA3061	AAG06449
PA3062	AAG06450
PA3063	AAG06451
PA3064	AAG06452
PA3065	AAG06453
PA3066	AAG06454
PA3067	AAG06455
PA3068	AAG06456
PA3069	AAG06457
PA3070	AAG06458
PA3071	AAG06459
PA3072	AAG06460
PA3073	AAG06461
PA3074	AAG06462
PA3075	AAG06463
PA3076	AAG06464
PA3077	AAG06465
PA3078	AAG06466
PA3079	AAG06467
PA3080	AAG06468
PA3081	AAG06469
PA3082	AAG06470
PA3083	AAG06471
PA3084	AAG06472
PA3085	AAG06473
PA3086	AAG06474
PA3087	AAG06475
PA3088	AAG06476
PA3089	AAG06477
PA3090	AAG06478
PA3091	AAG06479
PA3092	AAG06480
PA3093	AAG06481
PA3094	AAG06482
PA3094.1	PA3094.1-1
EBG00001435517	EBT00001813500
PA3094.2	PA3094.2-1
EBG00001435469	EBT00001813475
PA3094.3	PA3094.3-1
EBG00001435434	EBT00001813424
PA3095	AAG06483
PA3096	AAG06484
PA3097	AAG06485
PA3098	AAG06486
PA3099	AAG06487
PA3100	AAG06488
PA3101	AAG06489
PA3102	AAG06490
PA3103	AAG06491
PA3104	AAG06492
PA3105	AAG06493
PA3106	AAG06494
PA3107	AAG06495
PA3108	AAG06496
PA3109	AAG06497
PA3110	AAG06498
PA3111	AAG06499
PA3112	AAG06500
PA3113	AAG06501
PA3114	AAG06502
PA3115	AAG06503
PA3116	AAG06504
PA3117	AAG06505
PA3118	AAG06506
PA3119	AAG06507
PA3120	AAG06508
PA3121	AAG06509
PA3122	AAG06510
PA3123	AAG06511
PA3124	AAG06512
PA3125	AAG06513
PA3126	AAG06514
PA3127	AAG06515
PA3128	AAG06516
PA3129	AAG06517
PA3130	AAG06518
PA3131	AAG06519
PA3132	AAG06520
PA3133	AAG06521
PA3133.1	PA3133.1-1
EBG00001435484	EBT00001813469
PA3133.2	PA3133.2-1
EBG00001435416	EBT00001813467
PA3133.3	PA3133.3-1
EBG00001435458	EBT00001813395
PA3133.4	PA3133.4-1
EBG00001435447	EBT00001813382
PA3134	AAG06522
PA3135	AAG06523
PA3136	AAG06524
PA3137	AAG06525
PA3138	AAG06526
PA3139	AAG06527
PA3139.1	PA3139.1-1
EBG00001435473	EBT00001813484
PA3140	AAG06528
PA3141	AAG06529
PA3142	AAG06530
PA3143	AAG06531
PA3144	AAG06532
PA3145	AAG06533
PA3146	AAG06534
PA3147	AAG06535
PA3148	AAG06536
PA3149	AAG06537
PA3150	AAG06538
PA3151	AAG06539
PA3152	AAG06540
PA3153	AAG06541
PA3154	AAG06542
PA3155	AAG06543
PA3156	AAG06544
PA3157	AAG06545
PA3158	AAG06546
PA3159	AAG06547
PA3160	AAG06548
PA3161	AAG06549
PA3162	AAG06550
PA3163	AAG06551
PA3165	AAG06553
PA3166	AAG06554
PA3167	AAG06555
PA3168	AAG06556
PA3169	AAG06557
PA3170	AAG06558
PA3171	AAG06559
PA3172	AAG06560
PA3173	AAG06561
PA3174	AAG06562
PA3175	AAG06563
PA3176	AAG06564
PA3177	AAG06565
PA3178	AAG06566
PA3179	AAG06567
PA3180	AAG06568
PA3181	AAG06569
PA3182	AAG06570
PA3183	AAG06571
PA3184	AAG06572
PA3185	AAG06573
PA3186	AAG06574
PA3187	AAG06575
PA3188	AAG06576
PA3189	AAG06577
PA3190	AAG06578
PA3191	AAG06579
PA3192	AAG06580
PA3193	AAG06581
PA3194	AAG06582
PA3195	AAG06583
PA3196	AAG06584
PA3197	AAG06585
PA3198	AAG06586
PA3199	AAG06587
PA3200	AAG06588
PA3201	AAG06589
PA3202	AAG06590
PA3203	AAG06591
PA3204	AAG06592
PA3205	AAG06593
PA3206	AAG06594
PA3207	AAG06595
PA3208	AAG06596
PA3209	AAG06597
PA3210	AAG06598
PA3211	AAG06599
PA3212	AAG06600
PA3213	AAG06601
PA3214	AAG06602
PA3215	AAG06603
PA3216	AAG06604
PA3217	AAG06605
PA3218	AAG06606
PA3219	AAG06607
PA3220	AAG06608
PA3221	AAG06609
PA3222	AAG06610
PA3223	AAG06611
PA3224	AAG06612
PA3225	AAG06613
PA3226	AAG06614
PA3227	AAG06615
PA3228	AAG06616
PA3229	AAG06617
PA3230	AAG06618
PA3231	AAG06619
PA3232	AAG06620
PA3233	AAG06621
PA3234	AAG06622
PA3235	AAG06623
PA3236	AAG06624
PA3237	AAG06625
PA3238	AAG06626
PA3239	AAG06627
PA3240	AAG06628
PA3241	AAG06629
PA3242	AAG06630
PA3243	AAG06631
PA3244	AAG06632
PA3245	AAG06633
PA3246	AAG06634
PA3247	AAG06635
PA3248	AAG06636
PA3249	AAG06637
PA3250	AAG06638
PA3251	AAG06639
PA3252	AAG06640
PA3253	AAG06641
PA3254	AAG06642
PA3255	AAG06643
PA3256	AAG06644
PA3257	AAG06645
PA3258	AAG06646
PA3259	AAG06647
PA3260	AAG06648
PA3261	AAG06649
PA3262	AAG06650
PA3262.1	PA3262.1-1
EBG00001435510	EBT00001813507
PA3262.2	PA3262.2-1
EBG00001435411	EBT00001813418
PA3263	AAG06651
PA3264	AAG06652
PA3265	AAG06653
PA3266	AAG06654
PA3267	AAG06655
PA3268	AAG06656
PA3269	AAG06657
PA3270	AAG06658
PA3271	AAG06659
PA3272	AAG06660
PA3273	AAG06661
PA3274	AAG06662
PA3275	AAG06663
PA3276	AAG06664
PA3277	AAG06665
PA3278	AAG06666
PA3279	AAG06667
PA3280	AAG06668
PA3281	AAG06669
PA3282	AAG06670
PA3283	AAG06671
PA3284	AAG06672
EBG00001435488	EBT00001813430
PA3285	AAG06673
PA3286	AAG06674
PA3287	AAG06675
PA3288	AAG06676
PA3289	AAG06677
PA3290	AAG06678
PA3291	AAG06679
PA3292	AAG06680
PA3293	AAG06681
PA3294	AAG06682
PA3295	AAG06683
PA3296	AAG06684
PA3297	AAG06685
PA3298	AAG06686
PA3299	AAG06687
PA3300	AAG06688
PA3301	AAG06689
PA3302	AAG06690
PA3303	AAG06691
PA3304	AAG06692
PA3304.1	PA3304.1-1
EBG00001435425	EBT00001813492
PA3305	AAG06693
PA3305.1	PA3305.1-1
EBG00001435405	EBT00001813400
PA3306	AAG06694
PA3307	AAG06695
PA3308	AAG06696
PA3309	AAG06697
PA3310	AAG06698
PA3311	AAG06699
PA3312	AAG06700
PA3313	AAG06701
PA3314	AAG06702
PA3315	AAG06703
PA3316	AAG06704
PA3317	AAG06705
PA3318	AAG06706
PA3319	AAG06707
PA3320	AAG06708
PA3321	AAG06709
PA3322	AAG06710
PA3323	AAG06711
PA3324	AAG06712
PA3325	AAG06713
PA3326	AAG06714
PA3327	AAG06715
PA3328	AAG06716
PA3329	AAG06717
PA3330	AAG06718
PA3331	AAG06719
PA3332	AAG06720
PA3333	AAG06721
PA3334	AAG06722
PA3335	AAG06723
PA3336	AAG06724
PA3337	AAG06725
PA3338	AAG06726
PA3339	AAG06727
PA3340	AAG06728
PA3341	AAG06729
PA3342	AAG06730
PA3343	AAG06731
PA3344	AAG06732
PA3345	AAG06733
PA3346	AAG06734
PA3347	AAG06735
PA3348	AAG06736
PA3349	AAG06737
PA3350	AAG06738
PA3351	AAG06739
PA3352	AAG06740
PA3353	AAG06741
PA3354	AAG06742
PA3355	AAG06743
PA3356	AAG06744
PA3357	AAG06745
PA3358	AAG06746
PA3359	AAG06747
PA3360	AAG06748
PA3361	AAG06749
PA3362	AAG06750
PA3363	AAG06751
PA3364	AAG06752
PA3365	AAG06753
PA3366	AAG06754
PA3366.1	PA3366.1-1
PA3367	AAG06755
PA3368.1	PA3368.1-1
EBG00001435505	EBT00001813446
PA3368	AAG06756
PA3369	AAG06757
PA3370	AAG06758
PA3371	AAG06759
PA3372	AAG06760
PA3373	AAG06761
PA3374	AAG06762
PA3375	AAG06763
PA3376	AAG06764
PA3377	AAG06765
PA3378	AAG06766
PA3379	AAG06767
PA3380	AAG06768
PA3381	AAG06769
PA3382	AAG06770
PA3383	AAG06771
PA3384	AAG06772
PA3385	AAG06773
PA3386	AAG06774
PA3387	AAG06775
PA3388	AAG06776
PA3390	AAG06777
PA3389	AAG06778
PA3391	AAG06779
PA3392	AAG06780
PA3393	AAG06781
PA3394	AAG06782
PA3395	AAG06783
PA3396	AAG06784
PA3397	AAG06785
PA3398	AAG06786
PA3399	AAG06787
PA3400	AAG06788
PA3401	AAG06789
PA3402	AAG06790
PA3403	AAG06791
PA3404	AAG06792
PA3405	AAG06793
PA3406	AAG06794
PA3407	AAG06795
PA3408	AAG06796
PA3409	AAG06797
PA3410	AAG06798
PA3411	AAG06799
PA3412	AAG06800
PA3413	AAG06801
PA3414	AAG06802
PA3415	AAG06803
PA3416	AAG06804
PA3417	AAG06805
PA3418	AAG06806
PA3419	AAG06807
PA3420	AAG06808
PA3421	AAG06809
PA3422	AAG06810
PA3423	AAG06811
PA3424	AAG06812
PA3425	AAG06813
PA3426	AAG06814
PA3427	AAG06815
PA3428	AAG06816
PA3429	AAG06817
PA3430	AAG06818
PA3431	AAG06819
PA3432	AAG06820
PA3433	AAG06821
PA3434	AAG06822
PA3435	AAG06823
PA3436	AAG06824
PA3437	AAG06825
PA3438	AAG06826
PA3439	AAG06827
PA3440	AAG06828
PA3441	AAG06829
PA3442	AAG06830
PA3443	AAG06831
PA3444	AAG06832
PA3445	AAG06833
PA3446	AAG06834
PA3447	AAG06835
PA3448	AAG06836
PA3449	AAG06837
PA3450	AAG06838
PA3451	AAG06839
PA3452	AAG06840
PA3453	AAG06841
PA3454	AAG06842
PA3455	AAG06843
PA3456	AAG06844
PA3457	AAG06845
PA3458	AAG06846
PA3459	AAG06847
PA3460	AAG06848
PA3461	AAG06849
PA3462	AAG06850
PA3463	AAG06851
PA3464	AAG06852
PA3465	AAG06853
PA3466	AAG06854
PA3467	AAG06855
PA3468	AAG06856
PA3469	AAG06857
PA3470	AAG06858
PA3471	AAG06859
PA3472	AAG06860
PA3473	AAG06861
PA3474	AAG06862
PA3475	AAG06863
PA3476	AAG06864
PA3477	AAG06865
PA3478	AAG06866
PA3479	AAG06867
PA3480	AAG06868
PA3481	AAG06869
PA3482	AAG06870
PA3483	AAG06871
PA3484	AAG06872
PA3485	AAG06873
PA3486	AAG06874
PA3487	AAG06875
PA3488	AAG06876
PA3489	AAG06877
PA3490	AAG06878
PA3491	AAG06879
PA3492	AAG06880
PA3493	AAG06881
PA3494	AAG06882
PA3495	AAG06883
PA3496	AAG06884
PA3497	AAG06885
PA3498	AAG06886
PA3499	AAG06887
PA3500	AAG06888
PA3501	AAG06889
PA3502	AAG06890
PA3503	AAG06891
PA3504	AAG06892
PA3505	AAG06893
PA3506	AAG06894
PA3507	AAG06895
PA3508	AAG06896
PA3509	AAG06897
PA3510	AAG06898
PA3511	AAG06899
PA3512	AAG06900
PA3513	AAG06901
PA3514	AAG06902
PA3515	AAG06903
PA3516	AAG06904
PA3517	AAG06905
PA3518	AAG06906
PA3519	AAG06907
PA3520	AAG06908
PA3521	AAG06909
PA3522	AAG06910
PA3523	AAG06911
PA3524	AAG06912
PA3525	AAG06913
PA3526	AAG06914
PA3527	AAG06915
PA3528	AAG06916
PA3529	AAG06917
PA3530	AAG06918
PA3531	AAG06919
PA3532	AAG06920
PA3533	AAG06921
PA3534	AAG06922
PA3535	AAG06923
PA3536	AAG06924
PA3537	AAG06925
PA3538	AAG06926
PA3539	AAG06927
PA3540	AAG06928
PA3541	AAG06929
PA3542	AAG06930
PA3543	AAG06931
PA3544	AAG06932
PA3545	AAG06933
PA3546	AAG06934
PA3547	AAG06935
PA3548	AAG06936
PA3549	AAG06937
PA3550	AAG06938
PA3551	AAG06939
PA3552	AAG06940
PA3553	AAG06941
PA3554	AAG06942
PA3555	AAG06943
PA3556	AAG06944
PA3557	AAG06945
PA3558	AAG06946
PA3559	AAG06947
PA3560	AAG06948
PA3561	AAG06949
PA3562	AAG06950
PA3563	AAG06951
PA3564	AAG06952
PA3565	AAG06953
PA3566	AAG06954
PA3567	AAG06955
PA3568	AAG06956
PA3569	AAG06957
PA3570	AAG06958
PA3571	AAG06959
PA3572	AAG06960
PA3573	AAG06961
PA3574	AAG06962
PA3575	AAG06963
PA3576	AAG06964
PA3577	AAG06965
PA3578	AAG06966
PA3579	AAG06967
PA3580	AAG06968
PA3581	AAG06969
PA3582	AAG06970
PA3583	AAG06971
PA3584	AAG06972
PA3585	AAG06973
PA3586	AAG06974
PA3587	AAG06975
PA3588	AAG06976
PA3589	AAG06977
PA3590	AAG06978
PA3591	AAG06979
PA3592	AAG06980
PA3593	AAG06981
PA3594	AAG06982
PA3595	AAG06983
PA3596	AAG06984
PA3597	AAG06985
PA3598	AAG06986
PA3599	AAG06987
PA3600	AAG06988
PA3601	AAG06989
PA3602	AAG06990
PA3603	AAG06991
PA3604	AAG06992
PA3605	AAG06993
PA3606	AAG06994
PA3607	AAG06995
PA3608	AAG06996
PA3609	AAG06997
PA3610	AAG06998
PA3611	AAG06999
PA3612	AAG07000
PA3613	AAG07001
PA3614	AAG07002
PA3615	AAG07003
PA3616	AAG07004
PA3617	AAG07005
PA3618	AAG07006
PA3619	AAG07007
PA3620	AAG07008
PA3621	AAG07009
EBG00001435461	EBT00001813386
PA3621.1	PA3621.1-1
PA3622	AAG07010
PA3623	AAG07011
PA3624	AAG07012
PA3625	AAG07013
PA3626	AAG07014
PA3627	AAG07015
PA3628	AAG07016
PA3629	AAG07017
PA3630	AAG07018
PA3631	AAG07019
PA3632	AAG07020
PA3633	AAG07021
PA3634	AAG07022
PA3635	AAG07023
PA3636	AAG07024
PA3637	AAG07025
PA3638	AAG07026
PA3639	AAG07027
PA3640	AAG07028
PA3641	AAG07029
PA3642	AAG07030
PA3643	AAG07031
PA3644	AAG07032
PA3645	AAG07033
PA3646	AAG07034
PA3647	AAG07035
PA3648	AAG07036
PA3649	AAG07037
PA3650	AAG07038
PA3651	AAG07039
PA3652	AAG07040
PA3653	AAG07041
PA3654	AAG07042
PA3655	AAG07043
PA3656	AAG07044
EBG00001435438	EBT00001813398
PA3657	AAG07045
PA3658	AAG07046
PA3659	AAG07047
PA3660	AAG07048
PA3661	AAG07049
PA3662	AAG07050
PA3663	AAG07051
PA3664	AAG07052
PA3665	AAG07053
PA3666	AAG07054
PA3667	AAG07055
PA3668	AAG07056
PA3669	AAG07057
PA3670	AAG07058
PA3671	AAG07059
PA3672	AAG07060
PA3673	AAG07061
PA3674	AAG07062
PA3675	AAG07063
PA3676	AAG07064
PA3677	AAG07065
PA3678	AAG07066
PA3679	AAG07067
PA3680	AAG07068
PA3681	AAG07069
PA3682	AAG07070
PA3683	AAG07071
PA3684	AAG07072
PA3685	AAG07073
PA3686	AAG07074
PA3687	AAG07075
PA3688	AAG07076
PA3689	AAG07077
PA3690	AAG07078
PA3691	AAG07079
PA3692	AAG07080
PA3693	AAG07081
PA3694	AAG07082
PA3695	AAG07083
PA3696	AAG07084
PA3697	AAG07085
PA3698	AAG07086
PA3699	AAG07087
PA3700	AAG07088
PA3701	ADN93061
PA3702	AAG07089
PA3703	AAG07090
PA3704	AAG07091
PA3705	AAG07092
PA3706	AAG07093
PA3707	AAG07094
PA3708	AAG07095
PA3709	AAG07096
PA3710	AAG07097
PA3711	AAG07098
PA3712	AAG07099
PA3713	AAG07100
PA3714	AAG07101
PA3715	AAG07102
PA3716	AAG07103
PA3717	AAG07104
PA3718	AAG07105
PA3719	AAG07106
PA3720	AAG07107
PA3721	AAG07108
PA3722	AAG07109
PA3723	AAG07110
PA3724	AAG07111
PA3725	AAG07112
PA3726	AAG07113
PA3727	AAG07114
PA3728	AAG07115
PA3729	AAG07116
PA3730	AAG07117
PA3731	AAG07118
PA3732	AAG07119
PA3733	AAG07120
PA3734	AAG07121
PA3735	AAG07122
PA3736	AAG07123
PA3737	AAG07124
PA3738	AAG07125
PA3739	AAG07126
PA3740	AAG07127
PA3741	AAG07128
PA3742	AAG07129
PA3743	AAG07130
PA3744	AAG07131
PA3745	AAG07132
PA3746	AAG07133
PA3747	AAG07134
PA3748	AAG07135
PA3749	AAG07136
PA3750	AAG07137
PA3751	AAG07138
PA3752	AAG07139
PA3753	AAG07140
PA3754	AAG07141
PA3755	AAG07142
PA3756	AAG07143
PA3757	AAG07144
PA3758	AAG07145
PA3759	AAG07146
PA3760	AAG07147
PA3761	AAG07148
PA3762	AAG07149
PA3763	AAG07150
PA3764	AAG07151
PA3765	AAG07152
PA3766	AAG07153
PA3767	AAG07154
PA3768	AAG07155
PA3769	AAG07156
PA3770	AAG07157
PA3771	AAG07158
PA3772	AAG07159
PA3773	AAG07160
PA3774	AAG07161
PA3775	AAG07162
PA3776	AAG07163
PA3777	AAG07164
PA3778	AAG07165
PA3779	AAG07166
PA3780	AAG07167
PA3781	AAG07168
PA3782	AAG07169
PA3783	AAG07170
PA3784	AAG07171
PA3785	AAG07172
PA3786	AAG07173
PA3787	AAG07174
PA3788	AAG07175
PA3789	AAG07176
PA3790	AAG07177
PA3791	AAG07178
PA3792	AAG07179
PA3793	AAG07180
PA3794	AAG07181
PA3795	AAG07182
PA3796	AAG07183
PA3797	AAG07184
PA3798	AAG07185
PA3799	AAG07186
PA3800	AAG07187
PA3801	AAG07188
PA3802	AAG07189
PA3803	AAG07190
PA3804	AAG07191
PA3805	AAG07192
PA3806	AAG07193
PA3807	AAG07194
PA3808	AAG07195
PA3809	AAG07196
PA3810	AAG07197
PA3811	AAG07198
PA3812	AAG07199
PA3813	AAG07200
PA3814	AAG07201
PA3815	AAG07202
PA3816	AAG07203
PA3817	AAG07204
PA3818	AAG07205
PA3819	AAG07206
PA3820	AAG07207
PA3821	AAG07208
PA3822	AAG07209
PA3823	AAG07210
PA3824	AAG07211
PA3824.1	PA3824.1-1
EBG00001435501	EBT00001813391
PA3825	AAG07212
PA3826	AAG07213
PA3827	AAG07214
PA3828	AAG07215
PA3829	AAG07216
PA3830	AAG07217
PA3831	AAG07218
PA3832	AAG07219
PA3833	AAG07220
PA3834	AAG07221
PA3835	AAG07222
PA3836	AAG07223
PA3837	AAG07224
PA3838	AAG07225
PA3839	AAG07226
PA3840	AAG07227
PA3841	AAG07228
PA3842	AAG07229
PA3843	AAG07230
PA3844	AAG07231
PA3845	AAG07232
PA3846	AAG07233
PA3847	AAG07234
PA3848	AAG07235
PA3849	AAG07236
PA3850	AAG07237
PA3851	AAG07238
PA3852	AAG07239
PA3853	AAG07240
PA3854	AAG07241
PA3855	AAG07242
PA3856	AAG07243
PA3857	AAG07244
PA3858	AAG07245
PA3859	AAG07246
PA3860	AAG07247
PA3861	AAG07248
PA3862	AAG07249
PA3863	AAG07250
PA3864	AAG07251
PA3865	AAG07252
PA3866	AAG07253
PA3867	AAG07254
PA3868	AAG07255
PA3869	AAG07256
PA3870	AAG07257
PA3871	AAG07258
PA3872	AAG07259
PA3873	AAG07260
PA3874	AAG07261
PA3875	AAG07262
PA3876	AAG07263
PA3877	AAG07264
PA3878	AAG07265
PA3879	AAG07266
PA3880	AAG07267
PA3881	AAG07268
PA3882	AAG07269
PA3883	AAG07270
PA3884	AAG07271
PA3885	AAG07272
PA3886	AAG07273
PA3887	AAG07274
PA3888	AAG07275
PA3889	AAG07276
PA3890	AAG07277
PA3891	AAG07278
PA3892	AAG07279
PA3893	AAG07280
PA3894	AAG07281
PA3895	AAG07282
PA3896	AAG07283
PA3897	AAG07284
PA3898	AAG07285
PA3899	AAG07286
PA3900	AAG07287
PA3901	AAG07288
PA3902	AAG07289
PA3903	AAG07290
PA3904	AAG07291
EBG00001435420	EBT00001813406
PA3905	AAG07292
PA3906	AAG07293
PA3907	AAG07294
PA3908	AAG07295
PA3909	AAG07296
PA3910	AAG07297
PA3911	AAG07298
PA3912	AAG07299
PA3913	AAG07300
PA3914	AAG07301
PA3915	AAG07302
PA3916	AAG07303
PA3917	AAG07304
PA3918	AAG07305
PA3919	AAG07306
PA3920	AAG07307
PA3921	AAG07308
PA3922	AAG07309
PA3923	AAG07310
PA3924	AAG07311
PA3925	AAG07312
PA3926	AAG07313
PA3927	AAG07314
PA3928	AAG07315
PA3929	AAG07316
PA3930	AAG07317
PA3931	AAG07318
PA3932	AAG07319
PA3933	AAG07320
PA3934	AAG07321
PA3935	AAG07322
PA3936	AAG07323
PA3937	AAG07324
PA3938	AAG07325
PA3939	AAG07326
PA3940	AAG07327
PA3941	AAG07328
PA3942	AAG07329
PA3943	AAG07330
PA3944	AAG07331
PA3945	AAG07332
PA3946	AAG07333
PA3947	AAG07334
PA3948	AAG07335
PA3949	AAG07336
PA3950	AAG07337
PA3951	AAG07338
PA3952	AAG07339
PA3953	AAG07340
PA3954	AAG07341
PA3955	AAG07342
PA3956	AAG07343
PA3957	AAG07344
PA3958	AAG07345
PA3959	AAG07346
PA3960	AAG07347
PA3961	AAG07348
PA3962	AAG07349
PA3963	AAG07350
PA3964	AAG07351
EBG00001435457	EBT00001813399
PA3965	AAG07352
PA3966	AAG07353
PA3967	AAG07354
PA3968	AAG07355
PA3969	AAG07356
PA3970	AAG07357
PA3971	AAG07358
PA3972	AAG07359
PA3973	AAG07360
PA3974	AAG07361
PA3975	AAG07362
PA3976	AAG07363
PA3977	AAG07364
PA3978	AAG07365
PA3979	AAG07366
PA3980	AAG07367
PA3981	AAG07368
PA3982	AAG07369
PA3983	AAG07370
PA3984	AAG07371
PA3985	AAG07372
PA3986	AAG07373
PA3987	AAG07374
PA3988	AAG07375
PA3989	AAG07376
PA3990	AAG07377
PA3991	AAG07378
PA3992	AAG07379
PA3993	AAG07380
PA3994	AAG07381
PA3995	AAG07382
PA3996	AAG07383
PA3997	AAG07384
PA3998	AAG07385
PA3999	AAG07386
PA4000	AAG07387
PA4001	AAG07388
PA4002	AAG07389
PA4003	AAG07390
PA4004	AAG07391
PA4005	AAG07392
PA4006	AAG07393
PA4007	AAG07394
PA4008	AAG07395
PA4009	AAG07396
PA4010	AAG07397
PA4011	AAG07398
PA4012	AAG07399
PA4013	AAG07400
PA4014	AAG07401
PA4015	AAG07402
PA4016	AAG07403
PA4017	AAG07404
PA4018	AAG07405
PA4019	AAG07406
PA4020	AAG07407
PA4021	AAG07408
PA4022	AAG07409
PA4023	AAG07410
PA4024	AAG07411
PA4025	AAG07412
PA4026	AAG07413
PA4027	AAG07414
PA4028	AAG07415
PA4029	AAG07416
PA4030	AAG07417
PA4031	AAG07418
PA4032	AAG07419
PA4033	AAG07420
PA4034	AAG07421
PA4035	AAG07422
PA4036	AAG07423
PA4037	AAG07424
PA4038	AAG07425
PA4039	AAG07426
PA4040	AAG07427
PA4041	AAG07428
PA4042	AAG07429
PA4043	AAG07430
PA4044	AAG07431
PA4045	AAG07432
PA4046	AAG07433
PA4047	AAG07434
PA4048	AAG07435
PA4049	AAG07436
PA4050	AAG07437
PA4051	AAG07438
PA4052	AAG07439
PA4053	AAG07440
PA4054	AAG07441
PA4055	AAG07442
PA4056	AAG07443
PA4057	AAG07444
PA4058	AAG07445
PA4059	AAG07446
PA4060	AAG07447
PA4061	AAG07448
PA4062	AAG07449
PA4063	AAG07450
PA4064	AAG07451
PA4065	AAG07452
PA4066	AAG07453
PA4067	AAG07454
PA4068	AAG07455
PA4069	AAG07456
PA4070	AAG07457
PA4071	AAG07458
PA4072	AAG07459
PA4073	AAG07460
PA4074	AAG07461
PA4075	AAG07462
PA4076	AAG07463
PA4077	AAG07464
PA4078	AAG07465
PA4079	AAG07466
PA4080	AAG07467
PA4081	AAG07468
PA4082	AAG07469
PA4083	AAG07470
PA4084	AAG07471
PA4085	AAG07472
PA4086	AAG07473
PA4087	AAG07474
PA4088	AAG07475
PA4089	AAG07476
PA4090	AAG07477
PA4091	AAG07478
PA4092	AAG07479
PA4093	AAG07480
PA4094	AAG07481
PA4095	AAG07482
PA4096	AAG07483
PA4097	AAG07484
PA4098	AAG07485
PA4099	AAG07486
PA4100	AAG07487
PA4101	AAG07488
PA4102	AAG07489
PA4103	AAG07490
PA4104	AAG07491
PA4105	AAG07492
PA4106	AAG07493
PA4107	AAG07494
PA4108	AAG07495
PA4109	AAG07496
PA4110	AAG07497
PA4111	AAG07498
PA4112	AAG07499
PA4113	AAG07500
PA4114	AAG07501
PA4115	AAG07502
PA4116	AAG07503
PA4117	AAG07504
PA4118	AAG07505
PA4119	AAG07506
PA4120	AAG07507
PA4121	AAG07508
PA4122	AAG07509
PA4123	AAG07510
PA4124	AAG07511
PA4125	AAG07512
PA4126	AAG07513
PA4127	AAG07514
PA4128	AAG07515
PA4129	AAG07516
PA4130	AAG07517
PA4131	AAG07518
PA4132	AAG07519
PA4133	AAG07520
PA4134	AAG07521
PA4135	AAG07522
PA4136	AAG07523
PA4137	AAG07524
PA4138	AAG07525
PA4139	AAG07526
PA4140	AAG07527
PA4141	AAG07528
PA4142	AAG07529
PA4143	AAG07530
PA4144	AAG07531
PA4145	AAG07532
PA4146	AAG07533
PA4147	AAG07534
PA4148	AAG07535
PA4149	AAG07536
PA4150	AAG07537
PA4151	AAG07538
PA4152	AAG07539
PA4153	AAG07540
PA4154	AAG07541
PA4155	AAG07542
PA4156	AAG07543
PA4157	AAG07544
PA4158	AAG07545
PA4159	AAG07546
PA4160	AAG07547
PA4161	AAG07548
PA4162	AAG07549
PA4163	AAG07550
PA4164	AAG07551
PA4165	AAG07552
PA4166	AAG07553
PA4167	AAG07554
PA4168	AAG07555
PA4169	AAG07556
PA4170	AAG07557
PA4171	AAG07558
PA4172	AAG07559
PA4173	AAG07560
PA4174	AAG07561
PA4175	AAG07562
PA4176	AAG07563
PA4177	AAG07564
PA4178	AAG07565
PA4179	AAG07566
PA4180	AAG07567
PA4181	AAG07568
PA4182	AAG07569
PA4183	AAG07570
PA4184	AAG07571
PA4185	AAG07572
PA4186	AAG07573
PA4187	AAG07574
PA4188	AAG07575
PA4189	AAG07576
PA4190	AAG07577
PA4191	AAG07578
PA4192	AAG07579
PA4193	AAG07580
PA4194	AAG07581
PA4195	AAG07582
PA4196	AAG07583
PA4197	AAG07584
PA4198	AAG07585
PA4199	AAG07586
PA4200	AAG07587
PA4201	AAG07588
PA4202	AAG07589
PA4203	AAG07590
PA4204	AAG07591
PA4205	AAG07592
PA4206	AAG07593
PA4207	AAG07594
PA4208	AAG07595
PA4209	AAG07596
PA4210	AAG07597
PA4211	AAG07598
PA4212	AAG07599
PA4213	AAG07600
PA4214	AAG07601
PA4215	AAG07602
PA4216	AAG07604
PA4217	AAG07605
PA4218	AAG07606
PA4219	AAG07607
PA4220	AAG07608
PA4221	AAG07609
PA4222	AAG07610
PA4223	AAG07611
PA4224	AAG07612
PA4225	AAG07613
PA4226	AAG07614
PA4227	AAG07615
PA4228	AAG07616
PA4229	AAG07617
PA4230	AAG07618
PA4231	AAG07619
PA4232	AAG07620
PA4233	AAG07621
PA4234	AAG07622
PA4235	AAG07623
PA4236	AAG07624
PA4237	AAG07625
PA4238	AAG07626
PA4239	AAG07627
PA4240	AAG07628
PA4241	AAG07629
PA4242	AAG07630
PA4243	AAG07631
PA4244	AAG07632
PA4245	AAG07633
PA4246	AAG07634
PA4247	AAG07635
PA4248	AAG07636
PA4249	AAG07637
PA4250	AAG07638
PA4251	AAG07639
PA4252	AAG07640
PA4253	AAG07641
PA4254	AAG07642
PA4255	AAG07643
PA4256	AAG07644
PA4257	AAG07645
PA4258	AAG07646
PA4259	AAG07647
PA4260	AAG07648
PA4261	AAG07649
PA4262	AAG07650
PA4263	AAG07651
PA4264	AAG07652
PA4265	AAG07653
PA4266	AAG07654
PA4267	AAG07655
PA4268	AAG07656
EBG00001435427	EBT00001813443
PA4269	AAG07657
PA4270	AAG07658
PA4270.1	PA4270.1-1
EBG00001435491	EBT00001813447
PA4271	AAG07659
PA4272	AAG07660
EBG00001435463	EBT00001813450
PA4272.1	PA4272.1-1
PA4273	AAG07661
PA4274	AAG07662
PA4275	AAG07663
PA4276	AAG07664
PA4276.1	PA4276.1-1
EBG00001435486	EBT00001813457
PA4277	AAG07665
PA4277.1	PA4277.1-1
EBG00001435435	EBT00001813407
PA4277.2	PA4277.2-1
EBG00001435412	EBT00001813494
PA4277.3	PA4277.3-1
EBG00001435495	EBT00001813384
PA4278	AAG07666
PA4279	AAG07667
PA4280	AAG07668
PA4280.1	PA4280.1-1
EBG00001435409	EBT00001813464
PA4280.2	PA4280.2-1
EBG00001435455	EBT00001813413
EBG00001435460	EBT00001813442
EBG00001435532	EBT00001813417
PA4280.3	PA4280.3-1
EBG00001435474	EBT00001813491
PA4280.4	PA4280.4-1
EBG00001435511	EBT00001813498
PA4280.5	PA4280.5-1
EBG00001435477	EBT00001813420
PA4281	AAG07669
PA4282	AAG07670
PA4283	AAG07671
PA4284	AAG07672
PA4285	AAG07673
PA4286	AAG07674
PA4287	AAG07675
PA4288	AAG07676
PA4289	AAG07677
PA4290	AAG07678
PA4291	AAG07679
PA4292	AAG07680
PA4293	AAG07681
PA4294	AAG07682
PA4295	AAG07683
PA4296	AAG07684
PA4297	AAG07685
PA4298	AAG07686
PA4299	AAG07687
PA4300	AAG07688
PA4301	AAG07689
PA4302	AAG07690
PA4303	AAG07691
PA4304	AAG07692
PA4305	AAG07693
PA4306	AAG07694
PA4307	AAG07695
PA4308	AAG07696
PA4309	AAG07697
PA4310	AAG07698
PA4311	AAG07699
PA4312	AAG07700
PA4313	AAG07701
PA4314	AAG07702
PA4315	AAG07703
PA4316	AAG07704
PA4317	AAG07705
PA4318	AAG07706
PA4319	AAG07707
PA4320	AAG07708
PA4321	AAG07709
PA4322	AAG07710
PA4323	AAG07711
PA4324	AAG07712
PA4325	AAG07713
PA4326	AAG07714
PA4327	AAG07715
PA4328	AAG07716
PA4329	AAG07717
PA4330	AAG07718
PA4331	AAG07719
PA4332	AAG07720
PA4333	AAG07721
PA4334	AAG07722
PA4335	AAG07723
PA4336	AAG07724
PA4337	AAG07725
PA4338	AAG07726
PA4339	AAG07727
PA4340	AAG07728
PA4341	AAG07729
PA4342	AAG07730
PA4343	AAG07731
PA4344	AAG07732
PA4345	AAG07733
PA4346	AAG07734
PA4347	AAG07735
PA4348	AAG07736
PA4349	AAG07737
PA4350	AAG07738
PA4351	AAG07739
PA4352	AAG07740
PA4353	AAG07741
PA4354	AAG07742
PA4355	AAG07743
PA4356	AAG07744
PA4357	AAG07745
PA4358	AAG07746
PA4359	AAG07747
PA4360	AAG07748
PA4361	AAG07749
PA4362	AAG07750
PA4363	AAG07751
PA4364	AAG07752
PA4365	AAG07753
PA4366	AAG07754
PA4367	AAG07755
PA4368	AAG07756
PA4369	AAG07757
PA4370	AAG07758
PA4371	AAG07759
PA4372	AAG07760
PA4373	AAG07761
PA4374	AAG07762
PA4375	AAG07763
PA4376	AAG07764
PA4377	AAG07765
PA4378	AAG07766
PA4379	AAG07767
PA4380	AAG07768
PA4381	AAG07769
PA4382	AAG07770
PA4383	AAG07771
PA4384	AAG07772
PA4385	AAG07773
PA4386	AAG07774
PA4387	AAG07775
PA4388	AAG07776
PA4389	AAG07777
PA4390	AAG07778
PA4391	AAG07779
PA4392	AAG07780
PA4393	AAG07781
PA4394	AAG07782
PA4395	AAG07783
PA4396	AAG07784
PA4397	AAG07785
PA4398	AAG07786
PA4399	AAG07787
PA4400	AAG07788
PA4401	AAG07789
PA4402	AAG07790
PA4403	AAG07791
PA4404	AAG07792
PA4405	AAG07793
PA4406	AAG07794
PA4406.1	PA4406.1-1
PA4407	AAG07795
PA4408	AAG07796
PA4409	AAG07797
PA4410	AAG07798
PA4411	AAG07799
PA4412	AAG07800
PA4413	AAG07801
PA4414	AAG07802
PA4415	AAG07803
PA4416	AAG07804
PA4417	AAG07805
PA4418	AAG07806
PA4419	AAG07807
PA4420	AAG07808
PA4421	AAG07809
PA4421.1	PA4421.1-1
EBG00001435499	EBT00001813416
PA4422	AAG07810
PA4423	AAG07811
PA4424	AAG07812
PA4425	AAG07813
PA4426	AAG07814
PA4427	AAG07815
PA4428	AAG07816
PA4429	AAG07817
PA4430	AAG07818
PA4431	AAG07819
PA4432	AAG07820
PA4433	AAG07821
PA4434	AAG07822
PA4435	AAG07823
PA4436	AAG07824
PA4437	AAG07825
PA4438	AAG07826
PA4439	AAG07827
PA4440	AAG07828
PA4441	AAG07829
PA4442	AAG07830
PA4443	AAG07831
PA4444	AAG07832
PA4445	AAG07833
PA4446	AAG07834
PA4447	AAG07835
PA4448	AAG07836
PA4449	AAG07837
PA4450	AAG07838
PA4451	AAG07839
EBG00001435437	EBT00001813459
PA4451.1	PA4451.1-1
PA4452	AAG07840
PA4453	AAG07841
PA4454	AAG07842
PA4455	AAG07843
PA4456	AAG07844
PA4457	AAG07845
PA4458	AAG07846
PA4459	AAG07847
PA4460	AAG07848
PA4461	AAG07849
PA4462	AAG07850
PA4463	AAG07851
PA4464	AAG07852
PA4465	AAG07853
PA4466	AAG07854
PA4467	AAG07855
PA4468	AAG07856
PA4469	AAG07857
PA4470	AAG07858
PA4471	AAG07859
PA4472	AAG07860
PA4473	AAG07861
PA4474	AAG07862
PA4475	AAG07863
PA4476	AAG07864
PA4477	AAG07865
PA4478	AAG07866
PA4479	AAG07867
PA4480	AAG07868
PA4481	AAG07869
PA4482	AAG07870
PA4483	AAG07871
PA4484	AAG07872
PA4485	AAG07873
PA4486	AAG07874
PA4487	AAG07875
PA4488	AAG07876
PA4489	AAG07877
PA4490	AAG07878
PA4491	AAG07879
PA4492	AAG07880
PA4493	AAG07881
PA4494	AAG07882
PA4495	AAG07883
PA4496	AAG07884
PA4497	AAG07885
PA4498	AAG07886
PA4499	AAG07887
PA4500	AAG07888
PA4501	AAG07889
PA4502	AAG07890
PA4503	AAG07891
PA4504	AAG07892
PA4505	AAG07893
PA4506	AAG07894
PA4507	AAG07895
PA4508	AAG07896
PA4509	AAG07897
PA4510	AAG07898
PA4511	AAG07899
PA4512	AAG07900
PA4513	AAG07901
PA4514	AAG07902
PA4515	AAG07903
PA4516	AAG07904
PA4517	AAG07905
PA4518	AAG07906
PA4519	AAG07907
PA4520	AAG07908
PA4521	AAG07909
PA4522	AAG07910
PA4523	AAG07911
PA4524	AAG07912
PA4524.1	PA4524.1-1
EBG00001435522	EBT00001813394
PA4525	AAG07913
PA4526	AAG07914
PA4528	AAG07916
PA4529	AAG07917
PA4530	AAG07918
PA4531	AAG07919
PA4532	AAG07920
PA4533	AAG07921
PA4534	AAG07922
PA4535	AAG07923
PA4536	AAG07924
PA4537	AAG07925
PA4538	AAG07926
PA4539	AAG07927
PA4540	AAG07928
PA4541	AAG07929
PA4541.1	PA4541.1-1
EBG00001435485	EBT00001813454
PA4541.2	PA4541.2-1
EBG00001435523	EBT00001813428
PA4541.3	PA4541.3-1
EBG00001435446	EBT00001813397
PA4542	AAG07930
PA4543	AAG07931
PA4544	AAG07932
PA4545	AAG07933
PA4546	AAG07934
PA4547	AAG07935
PA4548	AAG07936
PA4549	AAG07937
PA4550	AAG07938
PA4551	AAG07939
PA4552	AAG07940
PA4553	AAG07941
PA4554	AAG07942
PA4555	AAG07943
PA4556	AAG07944
PA4557	AAG07945
PA4558	AAG07946
PA4559	AAG07947
PA4560	AAG07948
PA4561	AAG07949
PA4562	AAG07950
PA4563	AAG07951
PA4564	AAG07952
PA4565	AAG07953
PA4566	AAG07954
PA4567	AAG07955
PA4568	AAG07956
PA4569	AAG07957
PA4570	AAG07958
PA4571	AAG07959
PA4572	AAG07960
PA4573	AAG07961
PA4574	AAG07962
PA4575	AAG07963
PA4576	AAG07964
PA4577	AAG07965
PA4578	AAG07966
PA4579	AAG07967
PA4580	AAG07968
PA4581	AAG07969
PA4581.1	PA4581.1-1
EBG00001435439	EBT00001813434
PA4582	AAG07970
PA4583	AAG07971
PA4584	AAG07972
PA4585	AAG07973
PA4586	AAG07974
PA4587	AAG07975
PA4588	AAG07976
PA4589	AAG07977
PA4590	AAG07978
PA4591	AAG07979
PA4592	AAG07980
PA4593	AAG07981
PA4594	AAG07982
PA4595	AAG07983
PA4596	AAG07984
PA4597	AAG07985
PA4598	AAG07986
PA4599	AAG07987
PA4600	AAG07988
PA4601	AAG07989
PA4602	AAG07990
PA4603	AAG07991
PA4604	AAG07992
PA4605	AAG07993
PA4606	AAG07994
PA4607	AAG07995
PA4608	AAG07996
PA4609	AAG07997
PA4610	AAG07998
PA4611	AAG07999
PA4612	AAG08000
PA4613	AAG08001
PA4614	AAG08002
PA4615	AAG08003
PA4616	AAG08004
PA4617	AAG08005
PA4618	AAG08006
PA4619	AAG08007
PA4620	AAG08008
PA4621	AAG08009
PA4622	AAG08010
PA4623	AAG08011
PA4624	AAG08012
PA4625	AAG08013
PA4626	AAG08014
PA4627	AAG08015
PA4628	AAG08016
PA4629	AAG08017
PA4630	AAG08018
PA4631	AAG08019
PA4632	AAG08020
PA4633	AAG08021
PA4634	AAG08022
PA4635	AAG08023
PA4636	AAG08024
PA4637	AAG08025
PA4638	AAG08026
PA4639	AAG08027
PA4640	AAG08028
PA4642	AAG08029
PA4643	AAG08030
PA4644	AAG08031
PA4645	AAG08032
PA4646	AAG08033
PA4647	AAG08034
PA4648	AAG08035
PA4649	AAG08036
PA4650	AAG08037
PA4651	AAG08038
PA4652	AAG08039
PA4653	AAG08040
PA4654	AAG08041
PA4655	AAG08042
PA4656	AAG08043
PA4657	AAG08044
PA4658	AAG08045
PA4659	AAG08046
PA4660	AAG08047
PA4661	AAG08048
PA4662	AAG08049
PA4663	AAG08050
PA4664	AAG08051
PA4665	AAG08052
PA4666	AAG08053
PA4667	AAG08054
PA4668	AAG08055
PA4669	AAG08056
PA4669.1	PA4669.1-1
EBG00001435490	EBT00001813488
PA4670	AAG08057
PA4671	AAG08058
PA4672	AAG08059
PA4673	AAG08060
PA4673.1	PA4673.1-1
EBG00001435431	EBT00001813385
PA4674	AAG08061
PA4675	AAG08062
PA4676	AAG08063
PA4677	AAG08064
PA4678	AAG08065
PA4679	AAG08066
PA4680	AAG08067
PA4681	AAG08068
PA4682	AAG08069
PA4683	AAG08070
PA4684	AAG08071
PA4685	AAG08072
PA4686	AAG08073
PA4687	AAG08074
PA4688	AAG08075
PA4689	AAG08076
PA4690.1	PA4690.1-1
EBG00001435516	EBT00001813390
PA4690.2	PA4690.2-1
EBG00001435496	EBT00001813381
EBG00001435529	EBT00001813411
EBG00001435480	EBT00001813503
PA4690.3	PA4690.3-1
EBG00001435415	EBT00001813486
PA4690.4	PA4690.4-1
EBG00001435524	EBT00001813440
PA4690.5	PA4690.5-1
EBG00001435445	EBT00001813461
PA4691	AAG08077
PA4692	AAG08078
PA4693	AAG08079
PA4694	AAG08080
PA4695	AAG08081
PA4696	AAG08082
PA4697	AAG08083
PA4698	AAG08084
PA4699	AAG08085
PA4700	AAG08086
PA4701	AAG08087
PA4702	AAG08088
PA4703	AAG08089
PA4704	AAG08090
PA4704.1	PA4704.1-1
EBG00001435413	EBT00001813419
EBG00001435509	EBT00001813452
PA4704.2	PA4704.2-1
PA4705	AAG08091
PA4706	AAG08092
PA4707	AAG08093
PA4708	AAG08094
PA4709	AAG08095
PA4710	AAG08096
PA4711	AAG08097
PA4712	AAG08098
PA4713	AAG08099
PA4714	AAG08100
PA4715	AAG08101
PA4716	AAG08102
PA4717	AAG08103
PA4718	AAG08104
PA4719	AAG08105
PA4720	AAG08106
PA4721	AAG08107
PA4722	AAG08108
PA4723	AAG08109
PA4724	AAG08110
PA4724.1	ADN93062
PA4725	AAG08111
PA4726	AAG08112
EBG00001435440	EBT00001813404
PA4726.1	PA4726.1-1
PA4726.11	PA4726.11-1
EBG00001435478	EBT00001813483
PA4726.2	PA4726.2-1
PA4727	AAG08113
PA4728	AAG08114
PA4729	AAG08115
PA4730	AAG08116
PA4731	AAG08117
PA4732	AAG08118
PA4733	AAG08119
PA4734	AAG08120
PA4735	AAG08121
PA4736	AAG08122
PA4737	AAG08123
PA4738	AAG08124
PA4739	AAG08125
PA4740	AAG08126
PA4741	AAG08127
PA4742	AAG08128
PA4743	AAG08129
PA4744	AAG08130
PA4745	AAG08131
PA4746	AAG08132
PA4746.1	PA4746.1-1
EBG00001435482	EBT00001813476
PA4746.2	PA4746.2-1
EBG00001435526	EBT00001813412
PA4747	AAG08133
PA4748	AAG08134
PA4749	AAG08135
PA4750	AAG08136
PA4751	AAG08137
PA4752	AAG08138
PA4753	AAG08139
PA4754	AAG08140
PA4755	AAG08141
PA4756	AAG08142
PA4757	AAG08143
PA4758	AAG08144
EBG00001435481	EBT00001813462
PA4758.1	PA4758.1-1
PA4759	AAG08145
PA4760	AAG08146
PA4761	AAG08147
PA4762	AAG08148
PA4763	AAG08149
PA4764	AAG08150
PA4765	AAG08151
PA4766	AAG08152
PA4767	AAG08153
PA4768	AAG08154
PA4769	AAG08155
PA4770	AAG08156
PA4771	AAG08157
PA4772	AAG08158
PA4773	AAG08159
PA4774	AAG08160
PA4775	AAG08161
PA4776	AAG08162
PA4777	AAG08163
PA4778	AAG08164
PA4779	AAG08165
PA4780	AAG08166
PA4781	AAG08167
PA4782	AAG08168
PA4783	AAG08169
PA4784	AAG08170
PA4785	AAG08171
PA4786	AAG08172
PA4787	AAG08173
PA4788	AAG08174
PA4789	AAG08175
PA4790	AAG08176
PA4791	AAG08177
PA4792	AAG08178
PA4793	AAG08179
PA4794	AAG08180
PA4795	AAG08181
PA4796	AAG08182
PA4797	AAG08183
PA4798	AAG08184
PA4799	AAG08185
PA4800	AAG08186
PA4801	AAG08187
PA4802	AAG08188
PA4802.1	PA4802.1-1
EBG00001435470	EBT00001813472
EBG00001435430	EBT00001813493
PA4803	AAG08189
PA4804	AAG08190
PA4805	AAG08191
PA4806	AAG08192
PA4807	AAG08193
PA4808	AAG08194
PA4809	AAG08195
PA4810	AAG08196
PA4811	AAG08197
PA4812	ABG56538
PA4813	AAG08198
PA4814	AAG08199
PA4815	AAG08200
PA4816	AAG08201
PA4817	AAG08202
PA4818	AAG08203
PA4819	AAG08204
PA4820	AAG08205
PA4821	AAG08206
PA4822	AAG08207
PA4823	AAG08208
PA4824	AAG08209
PA4825	AAG08210
PA4826	AAG08211
PA4827	AAG08212
PA4828	AAG08213
PA4829	AAG08214
PA4830	AAG08215
PA4831	AAG08216
PA4832	AAG08217
PA4833	AAG08218
PA4834	AAG08219
PA4835	AAG08220
PA4836	AAG08221
PA4837	AAG08222
PA4838	AAG08223
PA4839	AAG08224
PA4840	AAG08225
PA4841	AAG08226
PA4842	AAG08227
PA4843	AAG08228
PA4844	AAG08229
PA4845	AAG08230
PA4846	AAG08231
PA4847	AAG08232
PA4848	AAG08233
PA4849	AAG08234
PA4850	AAG08235
PA4851	AAG08236
PA4852	AAG08237
PA4853	AAG08238
PA4854	AAG08239
PA4855	AAG08240
PA4856	AAG08241
PA4857	AAG08242
PA4858	AAG08243
PA4859	AAG08244
PA4860	AAG08245
PA4861	AAG08246
PA4862	AAG08247
PA4863	AAG08248
PA4864	AAG08249
PA4865	AAG08250
PA4866	AAG08251
PA4867	AAG08252
PA4868	AAG08253
EBG00001435454	EBT00001813389
PA4869	AAG08254
PA4870	AAG08255
PA4871	AAG08256
PA4872	AAG08257
PA4873	AAG08258
PA4874	AAG08259
PA4875	AAG08260
PA4876	AAG08261
PA4877	AAG08262
PA4878	AAG08263
PA4879	AAG08264
PA4880	AAG08265
PA4881	AAG08266
PA4882	AAG08267
PA4883	AAG08268
PA4884	AAG08269
PA4885	AAG08270
PA4886	AAG08271
PA4887	AAG08272
PA4888	AAG08273
PA4889	AAG08274
PA4890	AAG08275
PA4891	AAG08276
PA4892	AAG08277
PA4893	AAG08278
PA4894	AAG08279
PA4895	AAG08280
PA4896	AAG08281
PA4897	AAG08282
PA4898	AAG08283
PA4899	AAG08284
PA4900	AAG08285
PA4901	AAG08286
PA4902	AAG08287
PA4903	AAG08288
PA4904	AAG08289
PA4905	AAG08290
PA4906	AAG08291
PA4907	AAG08292
PA4908	AAG08293
PA4909	AAG08294
PA4910	AAG08295
PA4911	AAG08296
PA4912	AAG08297
PA4913	AAG08298
PA4914	AAG08299
PA4915	AAG08300
PA4916	AAG08301
PA4917	AAG08302
PA4918	AAG08303
PA4919	AAG08304
PA4920	AAG08305
PA4921	AAG08306
PA4922	AAG08307
PA4923	AAG08308
PA4924	AAG08309
PA4925	AAG08310
PA4926	AAG08311
PA4927	AAG08312
PA4928	AAG08313
PA4929	AAG08314
PA4930	AAG08315
PA4931	AAG08316
PA4932	AAG08317
PA4933	AAG08318
PA4934	AAG08319
PA4935	AAG08320
PA4936	AAG08321
PA4937	AAG08322
PA4937.1	PA4937.1-1
EBG00001435513	EBT00001813414
PA4937.2	PA4937.2-1
EBG00001435520	EBT00001813508
PA4938	AAG08323
PA4939	AAG08324
PA4940	AAG08325
PA4941	AAG08326
PA4942	AAG08327
PA4943	AAG08328
PA4944	AAG08329
PA4945	AAG08330
PA4946	AAG08331
PA4947	AAG08332
PA4948	AAG08333
PA4949	AAG08334
PA4950	AAG08335
PA4951	AAG08336
PA4952	AAG08337
PA4953	AAG08338
PA4954	AAG08339
PA4955	AAG08340
PA4956	AAG08341
PA4957	AAG08342
PA4958	AAG08343
PA4959	AAG08344
PA4960	AAG08345
PA4961	AAG08346
PA4962	AAG08347
PA4963	AAG08348
PA4964	AAG08349
PA4965	AAG08350
PA4966	AAG08351
PA4967	AAG08352
PA4968	AAG08353
PA4969	AAG08354
PA4970	AAG08355
PA4971	AAG08356
PA4972	AAG08357
PA4973	AAG08358
PA4974	AAG08359
PA4975	AAG08360
PA4976	AAG08361
PA4977	AAG08362
PA4978	AAG08363
PA4979	AAG08364
PA4980	AAG08365
PA4981	AAG08366
PA4982	AAG08367
PA4983	AAG08368
PA4984	AAG08369
PA4985	AAG08370
PA4986	AAG08371
PA4987	AAG08372
PA4988	AAG08373
PA4989	AAG08374
PA4990	AAG08375
PA4991	AAG08376
PA4992	AAG08377
PA4993	AAG08378
PA4994	AAG08379
PA4995	AAG08380
PA4996	AAG08381
PA4997	AAG08382
PA4998	AAG08383
PA4999	AAG08384
PA5000	AAG08385
PA5001	AAG08386
PA5002	AAG08387
PA5003	AAG08388
PA5004	AAG08389
PA5005	AAG08390
PA5006	AAG08391
PA5007	AAG08392
PA5008	AAG08393
PA5009	AAG08394
PA5010	AAG08395
PA5011	AAG08396
PA5012	AAG08397
PA5013	AAG08398
PA5014	AAG08399
PA5015	AAG08400
PA5016	AAG08401
PA5017	AAG08402
PA5018	AAG08403
PA5019	AAG08404
PA5020	AAG08405
PA5021	AAG08406
PA5022	AAG08407
PA5023	AAG08408
PA5024	AAG08409
PA5025	AAG08410
PA5026	AAG08411
PA5027	AAG08412
PA5028	AAG08413
PA5029	AAG08414
PA5030	AAG08415
PA5031	AAG08416
PA5032	AAG08417
PA5033	AAG08418
PA5034	AAG08419
PA5035	AAG08420
PA5036	AAG08421
EBG00001435489	EBT00001813396
PA5037	AAG08422
PA5038	AAG08423
PA5039	AAG08424
PA5040	AAG08425
PA5041	AAG08426
PA5042	AAG08427
PA5043	AAG08428
PA5044	AAG08429
PA5045	AAG08430
PA5046	AAG08431
PA5047	AAG08432
PA5048	AAG08433
PA5049	AAG08434
PA5050	AAG08435
PA5051	AAG08436
PA5052	AAG08437
PA5053	AAG08438
PA5054	AAG08439
PA5055	AAG08440
PA5056	AAG08441
PA5057	AAG08442
PA5058	AAG08443
PA5059	AAG08444
PA5060	AAG08445
PA5061	AAG08446
PA5062	AAG08447
PA5063	AAG08448
PA5064	AAG08449
PA5065	AAG08450
PA5066	AAG08451
PA5067	AAG08452
PA5068	AAG08453
PA5069	AAG08454
PA5070	AAG08455
PA5071	AAG08456
PA5072	AAG08457
PA5073	AAG08458
PA5074	AAG08459
PA5075	AAG08460
PA5076	AAG08461
PA5077	AAG08462
PA5078	AAG08463
PA5079	AAG08464
PA5080	AAG08465
PA5081	AAG08466
PA5082	AAG08467
PA5083	AAG08468
PA5084	AAG08469
PA5085	AAG08470
PA5086	AAG08471
PA5087	AAG08472
PA5088	AAG08473
PA5089	AAG08474
PA5090	AAG08475
PA5091	AAG08476
PA5092	AAG08477
PA5093	AAG08478
PA5094	AAG08479
PA5095	AAG08480
PA5096	AAG08481
PA5097	AAG08482
PA5098	AAG08483
PA5099	AAG08484
PA5100	AAG08485
PA5101	AAG08486
PA5102	AAG08487
PA5103	AAG08488
PA5104	AAG08489
PA5105	AAG08490
PA5106	AAG08491
PA5107	AAG08492
PA5108	AAG08493
PA5109	AAG08494
PA5110	AAG08495
PA5111	AAG08496
PA5112	AAG08497
PA5113	AAG08498
PA5114	AAG08499
PA5115	AAG08500
PA5116	AAG08501
PA5117	AAG08502
PA5118	AAG08503
PA5119	AAG08504
PA5120	AAG08505
PA5121	AAG08506
PA5122	AAG08507
PA5123	AAG08508
PA5124	AAG08509
PA5125	AAG08510
EBG00001435494	EBT00001813479
EBG00001435453	EBT00001813487
PA5126	AAG08511
PA5127	AAG08512
PA5128	AAG08513
PA5129	AAG08514
PA5130	AAG08515
PA5131	AAG08516
PA5132	AAG08517
PA5133	AAG08518
PA5134	AAG08519
PA5135	AAG08520
PA5136	AAG08521
PA5137	AAG08522
PA5138	AAG08523
PA5139	AAG08524
PA5140	AAG08525
PA5141	AAG08526
PA5142	AAG08527
PA5143	AAG08528
PA5144	AAG08529
PA5145	AAG08530
PA5146	AAG08531
PA5147	AAG08532
PA5148	AAG08533
PA5149	AAG08534
PA5149.1	PA5149.1-1
EBG00001435500	EBT00001813473
PA5150	AAG08535
PA5151	AAG08536
PA5152	AAG08537
PA5153	AAG08538
PA5154	AAG08539
PA5155	AAG08540
PA5156	AAG08541
PA5157	AAG08542
PA5158	AAG08543
PA5159	AAG08544
PA5160	AAG08545
PA5160.1	PA5160.1-1
EBG00001435514	EBT00001813481
PA5161	AAG08546
PA5162	AAG08547
PA5163	AAG08548
PA5164	AAG08549
PA5165	AAG08550
PA5166	AAG08551
PA5167	AAG08552
PA5168	AAG08553
PA5169	AAG08554
PA5170	AAG08555
PA5171	AAG08556
PA5172	AAG08557
PA5173	AAG08558
PA5174	AAG08559
PA5175	AAG08560
PA5176	AAG08561
PA5177	AAG08562
PA5178	AAG08563
PA5179	AAG08564
PA5180	AAG08565
PA5181	AAG08566
EBG00001435408	EBT00001813501
PA5181.1	PA5181.1-1
PA5182	AAG08567
PA5183	AAG08568
PA5184	AAG08569
PA5185	AAG08570
PA5186	AAG08571
PA5187	AAG08572
PA5188	AAG08573
PA5189	AAG08574
PA5190	AAG08575
PA5191	AAG08576
PA5192	AAG08577
PA5193	AAG08578
PA5194	AAG08579
PA5195	AAG08580
PA5196	AAG08581
PA5197	AAG08582
PA5198	AAG08583
PA5199	AAG08584
PA5200	AAG08585
PA5201	AAG08586
PA5202	AAG08587
PA5203	AAG08588
PA5204	AAG08589
PA5205	AAG08590
PA5206	AAG08591
PA5207	AAG08592
PA5208	AAG08593
PA5209	AAG08594
PA5210	AAG08595
PA5211	AAG08596
PA5212	AAG08597
PA5213	AAG08598
PA5214	AAG08599
PA5215	AAG08600
PA5216	AAG08601
PA5217	AAG08602
PA5218	AAG08603
PA5219	AAG08604
PA5220	AAG08605
PA5221	AAG08606
PA5222	AAG08607
PA5223	AAG08608
PA5224	AAG08609
PA5225	AAG08610
PA5226	AAG08611
PA5227	AAG08612
EBG00001435518	EBT00001813445
PA5227.1	PA5227.1-1
PA5228	AAG08613
PA5229	AAG08614
PA5230	AAG08615
PA5231	AAG08616
PA5232	AAG08617
PA5233	AAG08618
PA5234	AAG08619
PA5235	AAG08620
PA5236	AAG08621
PA5237	AAG08622
PA5238	AAG08623
PA5239	AAG08624
PA5240	AAG08625
PA5241	AAG08626
PA5242	AAG08627
PA5243	AAG08628
PA5244	AAG08629
PA5245	AAG08630
PA5246	AAG08631
PA5247	AAG08632
PA5248	AAG08633
PA5249	AAG08634
PA5250	AAG08635
PA5251	AAG08636
PA5252	AAG08637
PA5253	AAG08638
PA5254	AAG08639
PA5255	AAG08640
PA5256	AAG08641
PA5257	AAG08642
PA5258	AAG08643
PA5259	AAG08644
PA5260	AAG08645
PA5261	AAG08646
PA5262	AAG08647
PA5263	AAG08648
PA5264	AAG08649
PA5265	AAG08650
PA5266	AAG08651
PA5267	AAG08652
PA5268	AAG08653
PA5269	AAG08654
PA5270	AAG08655
PA5271	AAG08656
PA5272	AAG08657
PA5273	AAG08658
PA5274	AAG08659
EBG00001435442	EBT00001813470
PA5275	AAG08660
PA5276	AAG08661
PA5277	AAG08662
PA5278	AAG08663
PA5279	AAG08664
PA5280	AAG08665
PA5281	AAG08666
PA5282	AAG08667
PA5283	AAG08668
PA5284	AAG08669
PA5285	AAG08670
PA5286	AAG08671
PA5287	AAG08672
PA5288	AAG08673
PA5289	AAG08674
PA5290	AAG08675
PA5291	AAG08676
PA5292	AAG08677
PA5293	AAG08678
PA5294	AAG08679
PA5295	AAG08680
PA5296	AAG08681
PA5297	AAG08682
PA5298	AAG08683
PA5299	AAG08684
PA5300	AAG08685
PA5301	AAG08686
PA5302	AAG08687
PA5303	AAG08688
PA5304	AAG08689
PA5305	AAG08690
PA5306	AAG08691
PA5307	AAG08692
PA5308	AAG08693
PA5309	AAG08694
PA5310	AAG08695
PA5311	AAG08696
PA5312	AAG08697
PA5313	AAG08698
PA5314	AAG08699
PA5315	AAG08700
PA5316	AAG08701
PA5316.1	PA5316.1-1
PA5317	AAG08702
PA5318	AAG08703
PA5319	AAG08704
PA5320	AAG08705
PA5321	AAG08706
PA5322	AAG08707
PA5323	AAG08708
PA5324	AAG08709
PA5325	AAG08710
PA5326	AAG08711
PA5327	AAG08712
PA5328	AAG08713
PA5329	AAG08714
PA5330	AAG08715
PA5331	AAG08716
PA5332	AAG08717
PA5333	AAG08718
PA5334	AAG08719
PA5335	AAG08720
PA5336	AAG08721
PA5337	AAG08722
PA5338	AAG08723
PA5339	AAG08724
PA5340	AAG08725
PA5341	AAG08726
PA5342	AAG08727
PA5343	AAG08728
PA5344	AAG08729
PA5345	AAG08730
PA5346	AAG08731
PA5347	AAG08732
PA5348	AAG08733
PA5349	AAG08734
PA5350	AAG08735
PA5351	AAG08736
PA5352	AAG08737
PA5353	AAG08738
PA5354	AAG08739
PA5355	AAG08740
PA5356	AAG08741
PA5357	AAG08742
PA5358	AAG08743
PA5359	AAG08744
PA5360	AAG08745
PA5361	AAG08746
PA5362	AAG08747
PA5363	AAG08748
PA5364	AAG08749
PA5365	AAG08750
PA5366	AAG08751
PA5367	AAG08752
PA5368	AAG08753
PA5369	AAG08754
PA5369.1	PA5369.1-1
EBG00001435475	EBT00001813504
PA5369.2	PA5369.2-1
EBG00001435406	EBT00001813388
EBG00001435426	EBT00001813496
EBG00001435422	EBT00001813402
PA5369.3	PA5369.3-1
EBG00001435466	EBT00001813383
PA5369.4	PA5369.4-1
EBG00001435493	EBT00001813439
PA5369.5	PA5369.5-1
EBG00001435504	EBT00001813422
PA5370	AAG08755
PA5371	AAG08756
PA5372	AAG08757
PA5373	AAG08758
PA5374	AAG08759
PA5375	AAG08760
PA5376	AAG08761
PA5377	AAG08762
PA5378	AAG08763
PA5379	AAG08764
PA5380	AAG08765
PA5381	AAG08766
PA5382	AAG08767
PA5383	AAG08768
PA5384	AAG08769
PA5385	AAG08770
PA5386	AAG08771
PA5387	AAG08772
PA5388	AAG08773
PA5389	AAG08774
PA5390	AAG08775
PA5391	AAG08776
PA5392	AAG08777
PA5393	AAG08778
PA5394	AAG08779
PA5395	AAG08780
PA5396	AAG08781
PA5397	AAG08782
PA5398	AAG08783
PA5399	AAG08784
PA5400	AAG08785
PA5401	AAG08786
PA5402	AAG08787
PA5403	AAG08788
PA5404	AAG08789
PA5405	AAG08790
PA5406	AAG08791
PA5407	AAG08792
PA5408	AAG08793
PA5409	AAG08794
PA5410	AAG08795
PA5411	AAG08796
PA5412	AAG08797
PA5413	AAG08798
PA5414	AAG08799
PA5415	AAG08800
PA5416	AAG08801
PA5417	AAG08802
PA5418	AAG08803
PA5419	AAG08804
PA5420	AAG08805
PA5421	AAG08806
PA5422	AAG08807
PA5423	AAG08808
PA5424	AAG08809
PA5425	AAG08810
PA5426	AAG08811
PA5427	AAG08812
PA5428	AAG08813
PA5429	AAG08814
PA5430	AAG08815
PA5431	AAG08816
PA5432	AAG08817
PA5433	AAG08818
PA5434	AAG08819
PA5435	AAG08820
PA5436	AAG08821
PA5437	AAG08822
PA5438	AAG08823
PA5439	AAG08824
PA5440	AAG08825
PA5441	AAG08826
PA5442	AAG08827
PA5443	AAG08828
PA5444	AAG08829
PA5445	AAG08830
PA5446	AAG08831
PA5447	AAG08832
PA5448	AAG08833
PA5449	AAG08834
PA5450	AAG08835
PA5451	AAG08836
PA5452	AAG08837
PA5453	AAG08838
PA5454	AAG08839
PA5455	AAG08840
PA5456	AAG08841
PA5457	AAG08842
PA5458	AAG08843
PA5459	AAG08844
PA5460	AAG08845
PA5461	AAG08846
PA5462	AAG08847
PA5463	AAG08848
PA5464	AAG08849
PA5465	AAG08850
PA5466	AAG08851
PA5467	AAG08852
PA5468	AAG08853
PA5469	AAG08854
PA5470	AAG08855
PA5471	AAG08856
PA5471.1	ADN93063
PA5472	AAG08857
PA5473	AAG08858
PA5474	AAG08859
PA5475	AAG08860
PA5476	AAG08861
PA5477	AAG08862
PA5478	AAG08863
PA5479	AAG08864
PA5480	AAG08865
PA5481	AAG08866
PA5482	AAG08867
PA5483	AAG08868
PA5484	AAG08869
PA5485	AAG08870
PA5486	AAG08871
PA5487	AAG08872
PA5488	AAG08873
PA5489	AAG08874
PA5490	AAG08875
PA5491	AAG08876
PA5492	AAG08877
EBG00001435533	EBT00001813408
PA5493	AAG08878
PA5494	AAG08879
PA5495	AAG08880
PA5496	AAG08881
PA5497	AAG08882
PA5498	AAG08883
PA5499	AAG08884
PA5500	AAG08885
PA5501	AAG08886
PA5502	AAG08887
PA5503	AAG08888
PA5504	AAG08889
PA5505	AAG08890
PA5506	AAG08891
PA5507	AAG08892
PA5508	AAG08893
PA5509	AAG08894
PA5510	AAG08895
PA5511	AAG08896
PA5512	AAG08897
PA5513	AAG08898
PA5514	AAG08899
PA5515	AAG08900
PA5516	AAG08901
PA5517	AAG08902
PA5518	AAG08903
PA5519	AAG08904
PA5520	AAG08905
PA5521	AAG08906
PA5522	AAG08907
PA5523	AAG08908
PA5524	AAG08909
PA5525	AAG08910
PA5526	AAG08911
PA5527	AAG08912
PA5528	AAG08913
PA5529	AAG08914
PA5530	AAG08915
PA5531	AAG08916
PA5532	AAG08917
PA5533	AAG08918
PA5534	AAG08919
PA5535	AAG08920
PA5536	AAG08921
PA5537	AAG08922
PA5538	AAG08923
PA5539	AAG08924
PA5540	AAG08925
PA5541	AAG08926
PA5542	AAG08927
PA5543	AAG08928
PA5544	AAG08929
PA5545	AAG08930
PA5546	AAG08931
PA5547	AAG08932
PA5548	AAG08933
PA5549	AAG08934
PA5550	AAG08935
PA5551	AAG08936
PA5552	AAG08937
PA5553	AAG08938
PA5554	AAG08939
PA5555	AAG08940
PA5556	AAG08941
PA5557	AAG08942
PA5558	AAG08943
PA5559	AAG08944
PA5560	AAG08945
PA5561	AAG08946
PA5562	AAG08947
PA5563	AAG08948
PA5564	AAG08949
PA5565	AAG08950
PA5566	AAG08951
PA5567	AAG08952
PA5568	AAG08953
PA5569	AAG08954
PA5570	AAG08955
